"simulation","runs_3_outs","runs_4_outs"
1,0,5
2,5,0
3,0,2
4,0,4
5,2,8
6,0,4
7,0,0
8,0,5
9,0,0
10,0,0
11,1,0
12,1,0
13,0,0
14,3,0
15,3,0
16,2,0
17,2,3
18,1,0
19,3,0
20,0,4
21,0,1
22,1,1
23,3,0
24,1,0
25,0,0
26,0,4
27,0,0
28,0,3
29,0,0
30,0,2
31,0,0
32,1,0
33,1,0
34,6,0
35,0,2
36,2,8
37,0,2
38,0,0
39,0,0
40,0,1
41,1,0
42,1,5
43,0,0
44,3,1
45,0,0
46,0,0
47,0,3
48,0,1
49,0,1
50,1,0
51,1,5
52,1,4
53,0,5
54,0,0
55,0,0
56,0,5
57,1,4
58,0,5
59,1,3
60,1,4
61,0,4
62,0,0
63,4,1
64,4,1
65,2,5
66,0,0
67,5,0
68,0,0
69,0,1
70,0,0
71,0,0
72,7,0
73,0,3
74,0,0
75,0,0
76,1,0
77,0,0
78,1,0
79,1,1
80,1,6
81,0,2
82,0,0
83,0,0
84,1,0
85,0,0
86,0,1
87,0,3
88,5,0
89,0,1
90,0,1
91,3,0
92,0,0
93,0,1
94,1,3
95,1,0
96,1,1
97,0,1
98,0,0
99,1,7
100,0,0
101,0,0
102,2,1
103,0,5
104,2,1
105,0,0
106,0,2
107,3,1
108,2,2
109,0,0
110,0,4
111,4,0
112,0,0
113,3,7
114,0,0
115,0,1
116,3,0
117,0,0
118,0,1
119,1,2
120,0,0
121,0,2
122,1,1
123,1,1
124,3,3
125,1,7
126,2,0
127,0,0
128,2,3
129,0,1
130,0,0
131,0,2
132,0,3
133,0,0
134,0,0
135,0,4
136,2,2
137,0,3
138,0,0
139,1,1
140,6,4
141,5,5
142,2,0
143,1,2
144,0,0
145,0,3
146,5,1
147,0,4
148,0,0
149,1,0
150,0,0
151,2,4
152,6,6
153,1,2
154,3,0
155,0,2
156,0,4
157,0,4
158,0,0
159,1,0
160,1,0
161,4,2
162,0,3
163,6,1
164,0,2
165,0,5
166,2,3
167,0,1
168,0,0
169,0,7
170,0,1
171,0,1
172,1,0
173,0,0
174,0,1
175,2,0
176,5,3
177,0,2
178,0,2
179,0,5
180,0,0
181,0,1
182,0,2
183,0,0
184,1,0
185,0,1
186,0,6
187,4,1
188,5,1
189,0,1
190,0,2
191,0,2
192,0,0
193,0,2
194,2,2
195,0,1
196,6,0
197,2,0
198,5,3
199,4,2
200,0,3
201,3,1
202,0,3
203,0,1
204,0,4
205,2,2
206,4,0
207,0,0
208,1,0
209,1,6
210,2,4
211,0,1
212,2,6
213,2,3
214,3,0
215,2,1
216,0,5
217,5,3
218,0,2
219,0,0
220,1,0
221,0,0
222,0,1
223,3,5
224,1,0
225,1,2
226,1,2
227,1,4
228,0,0
229,0,8
230,1,6
231,0,0
232,0,0
233,1,3
234,4,0
235,0,0
236,1,1
237,0,7
238,0,4
239,2,0
240,0,1
241,1,5
242,0,2
243,2,4
244,1,1
245,0,1
246,2,0
247,0,0
248,3,0
249,4,0
250,2,0
251,3,2
252,0,2
253,2,3
254,2,1
255,3,3
256,0,0
257,0,0
258,0,1
259,5,2
260,0,4
261,2,0
262,0,2
263,2,1
264,1,1
265,1,0
266,1,3
267,3,0
268,1,0
269,1,5
270,0,0
271,2,0
272,2,4
273,0,0
274,2,0
275,0,0
276,0,2
277,4,1
278,0,1
279,5,4
280,4,5
281,2,0
282,0,2
283,3,1
284,1,0
285,2,3
286,2,1
287,0,2
288,2,0
289,4,0
290,3,0
291,0,0
292,0,6
293,2,1
294,0,0
295,2,1
296,0,4
297,1,0
298,0,0
299,0,2
300,0,0
301,0,2
302,0,0
303,0,0
304,2,0
305,1,0
306,2,0
307,0,4
308,0,2
309,3,3
310,4,0
311,2,1
312,3,1
313,0,0
314,0,1
315,0,0
316,1,0
317,0,5
318,3,0
319,0,0
320,0,0
321,1,0
322,3,1
323,1,5
324,6,2
325,1,0
326,0,0
327,1,0
328,0,2
329,0,0
330,0,0
331,0,4
332,3,4
333,4,1
334,0,4
335,6,3
336,0,1
337,2,1
338,1,0
339,0,0
340,0,0
341,0,1
342,1,2
343,2,0
344,2,2
345,1,0
346,0,0
347,0,8
348,1,0
349,0,0
350,3,1
351,0,5
352,2,2
353,1,0
354,2,0
355,2,1
356,2,0
357,0,2
358,2,0
359,2,3
360,0,3
361,3,3
362,2,0
363,0,0
364,1,0
365,0,3
366,0,0
367,0,0
368,4,1
369,0,0
370,0,2
371,1,0
372,3,2
373,0,1
374,0,0
375,2,1
376,0,5
377,4,2
378,0,4
379,0,0
380,0,0
381,0,3
382,0,0
383,2,0
384,0,0
385,2,0
386,0,3
387,1,0
388,3,2
389,1,4
390,2,0
391,2,1
392,6,2
393,0,0
394,0,2
395,1,0
396,8,0
397,5,2
398,0,1
399,1,3
400,0,3
401,0,3
402,3,0
403,0,0
404,0,0
405,0,1
406,1,4
407,4,0
408,1,1
409,0,1
410,0,3
411,0,0
412,0,0
413,0,0
414,2,0
415,0,2
416,0,2
417,9,3
418,0,2
419,4,6
420,4,1
421,0,1
422,0,3
423,0,0
424,0,0
425,1,2
426,0,1
427,4,4
428,0,2
429,8,0
430,1,2
431,0,0
432,0,1
433,1,8
434,2,6
435,0,2
436,4,3
437,1,0
438,0,0
439,0,6
440,9,0
441,2,3
442,0,0
443,1,0
444,6,9
445,0,3
446,1,2
447,0,1
448,0,0
449,1,2
450,3,1
451,0,2
452,1,10
453,4,5
454,0,0
455,2,1
456,1,1
457,0,0
458,0,8
459,0,2
460,3,5
461,3,0
462,0,1
463,3,3
464,0,0
465,3,0
466,1,6
467,0,9
468,2,0
469,1,0
470,0,2
471,2,1
472,0,2
473,1,2
474,4,0
475,2,2
476,0,0
477,0,0
478,4,3
479,0,0
480,6,0
481,0,0
482,1,4
483,1,9
484,1,1
485,1,3
486,0,0
487,0,1
488,0,0
489,4,3
490,2,2
491,6,0
492,2,0
493,1,2
494,0,0
495,2,0
496,3,2
497,0,1
498,4,3
499,0,3
500,0,2
501,1,1
502,2,1
503,0,0
504,2,5
505,0,0
506,2,1
507,0,4
508,0,0
509,4,2
510,3,0
511,0,0
512,0,3
513,0,1
514,1,0
515,4,2
516,0,0
517,2,2
518,1,0
519,5,0
520,0,0
521,0,2
522,0,5
523,0,0
524,3,1
525,0,1
526,0,0
527,0,0
528,0,0
529,0,2
530,0,1
531,0,2
532,0,4
533,4,5
534,0,0
535,0,1
536,1,1
537,0,3
538,3,2
539,1,0
540,0,7
541,0,3
542,0,0
543,3,0
544,3,1
545,1,4
546,0,7
547,0,0
548,0,3
549,0,0
550,0,1
551,0,2
552,2,0
553,0,0
554,0,0
555,0,6
556,7,4
557,0,1
558,4,0
559,0,3
560,0,0
561,0,7
562,6,0
563,0,7
564,7,1
565,0,0
566,2,0
567,0,3
568,0,1
569,1,2
570,0,0
571,0,5
572,0,0
573,2,3
574,0,2
575,2,0
576,1,4
577,0,0
578,2,1
579,0,2
580,0,1
581,0,0
582,0,5
583,2,0
584,3,1
585,0,0
586,0,1
587,0,0
588,0,1
589,0,4
590,0,1
591,0,2
592,3,0
593,1,5
594,0,1
595,1,4
596,0,2
597,0,0
598,1,1
599,4,1
600,1,0
601,0,2
602,3,2
603,0,4
604,0,0
605,0,2
606,0,0
607,3,4
608,0,3
609,0,1
610,0,0
611,1,3
612,0,0
613,1,0
614,0,0
615,1,0
616,0,0
617,2,5
618,0,3
619,0,2
620,1,9
621,2,2
622,3,2
623,3,0
624,0,0
625,4,0
626,0,5
627,4,0
628,1,0
629,3,0
630,2,1
631,4,5
632,0,6
633,0,2
634,0,6
635,2,6
636,0,0
637,0,0
638,2,0
639,0,0
640,0,0
641,0,1
642,3,0
643,0,2
644,4,3
645,0,1
646,1,0
647,2,0
648,0,0
649,0,1
650,0,0
651,2,0
652,0,2
653,0,1
654,0,3
655,0,1
656,1,0
657,5,2
658,0,1
659,0,1
660,8,2
661,2,5
662,0,2
663,2,7
664,3,0
665,0,3
666,0,1
667,0,2
668,0,1
669,1,1
670,1,1
671,0,0
672,2,1
673,0,0
674,4,0
675,0,0
676,1,1
677,1,0
678,0,3
679,0,3
680,0,1
681,0,2
682,0,0
683,0,4
684,2,0
685,4,2
686,2,3
687,0,2
688,1,2
689,2,0
690,1,3
691,0,5
692,0,2
693,0,2
694,0,0
695,0,0
696,0,4
697,5,1
698,0,0
699,2,0
700,0,4
701,0,0
702,1,2
703,0,1
704,0,1
705,0,2
706,0,1
707,2,0
708,3,0
709,3,1
710,3,4
711,1,1
712,0,2
713,0,0
714,0,0
715,0,1
716,0,5
717,0,1
718,0,2
719,1,4
720,4,2
721,0,0
722,0,2
723,0,1
724,1,0
725,0,0
726,0,8
727,1,0
728,0,0
729,0,0
730,0,3
731,0,0
732,3,0
733,1,2
734,1,1
735,4,0
736,4,0
737,1,0
738,4,3
739,9,0
740,0,1
741,2,2
742,3,1
743,3,1
744,2,2
745,0,0
746,0,6
747,2,1
748,3,2
749,3,2
750,0,0
751,1,3
752,0,0
753,0,0
754,3,1
755,3,0
756,3,0
757,1,0
758,2,0
759,1,1
760,0,0
761,0,0
762,2,3
763,3,0
764,4,7
765,0,5
766,1,3
767,0,1
768,0,2
769,0,1
770,1,1
771,6,4
772,0,0
773,2,0
774,0,0
775,2,3
776,0,2
777,3,4
778,1,2
779,2,1
780,1,5
781,0,2
782,0,0
783,2,3
784,1,1
785,1,4
786,4,1
787,0,0
788,0,0
789,1,2
790,5,3
791,1,2
792,0,0
793,4,0
794,3,6
795,0,5
796,3,7
797,0,0
798,1,0
799,0,1
800,1,0
801,0,1
802,6,0
803,2,2
804,0,1
805,2,0
806,4,0
807,1,4
808,0,5
809,0,0
810,3,6
811,0,0
812,4,1
813,1,3
814,0,3
815,1,2
816,0,0
817,4,1
818,3,1
819,0,4
820,1,0
821,5,3
822,0,2
823,0,3
824,0,0
825,3,1
826,0,0
827,1,5
828,0,2
829,0,5
830,0,1
831,0,0
832,0,4
833,0,1
834,1,6
835,0,1
836,0,0
837,0,0
838,2,0
839,1,2
840,1,0
841,0,1
842,2,2
843,3,0
844,0,1
845,0,3
846,2,1
847,0,3
848,2,0
849,0,0
850,0,1
851,1,0
852,0,0
853,0,3
854,1,4
855,0,3
856,9,0
857,0,0
858,0,1
859,0,5
860,5,2
861,0,2
862,0,1
863,2,1
864,0,1
865,0,3
866,4,2
867,1,4
868,0,0
869,0,1
870,0,0
871,1,1
872,0,1
873,0,4
874,2,3
875,1,1
876,7,0
877,0,2
878,0,6
879,2,1
880,0,0
881,0,2
882,0,1
883,2,0
884,6,2
885,3,4
886,1,1
887,0,3
888,0,0
889,3,1
890,0,5
891,2,0
892,3,5
893,1,4
894,2,0
895,0,0
896,1,4
897,0,6
898,2,0
899,0,0
900,2,2
901,0,0
902,2,2
903,0,1
904,0,0
905,5,2
906,0,2
907,1,0
908,0,2
909,4,0
910,1,0
911,1,0
912,1,0
913,0,4
914,2,3
915,2,0
916,0,2
917,0,1
918,0,7
919,1,2
920,0,0
921,3,2
922,1,1
923,0,0
924,0,0
925,2,0
926,0,4
927,2,0
928,0,0
929,0,1
930,0,0
931,0,7
932,0,1
933,1,4
934,4,0
935,0,3
936,2,0
937,0,1
938,0,0
939,4,0
940,1,0
941,2,4
942,1,7
943,0,0
944,0,0
945,0,0
946,4,2
947,5,0
948,0,0
949,0,2
950,1,3
951,0,4
952,0,9
953,1,0
954,0,0
955,0,3
956,0,1
957,6,0
958,0,0
959,0,3
960,0,1
961,0,0
962,0,0
963,0,4
964,3,1
965,1,0
966,2,1
967,0,1
968,0,0
969,0,5
970,1,0
971,0,4
972,10,1
973,2,6
974,2,5
975,4,0
976,0,4
977,2,2
978,1,5
979,2,1
980,1,6
981,1,3
982,2,5
983,0,0
984,3,0
985,0,3
986,6,2
987,1,4
988,1,0
989,0,2
990,1,0
991,3,1
992,3,2
993,0,0
994,1,0
995,1,3
996,1,5
997,2,0
998,2,4
999,1,1
1000,0,3
