"theta","posterior_density","posterior_mass"
0,3.64939895201599e-16,3.65305200402002e-17
0.1001001001001,3.71627892141025e-16,3.71999892033058e-17
0.2002002002002,3.78450965877541e-16,3.78829795673215e-17
0.3003003003003,3.85412098172137e-16,3.85797896068206e-17
0.4004004004004,3.92514342226774e-16,3.92907249476251e-17
0.500500500500501,3.9976082453123e-16,4.00160985516747e-17
0.600600600600601,4.07154746761184e-16,4.07562309070255e-17
0.700700700700701,4.1469938772907e-16,4.15114502231302e-17
0.800800800800801,4.22398105389283e-16,4.228209263156e-17
0.900900900900901,4.30254338899314e-16,4.30685023923238e-17
1.001001001001,4.38271610738533e-16,4.38710321059593e-17
1.1011011011011,4.46453528886318e-16,4.46900429315634e-17
1.2012012012012,4.54803789061289e-16,4.55259048109399e-17
1.3013013013013,4.63326177023513e-16,4.63789966990504e-17
1.4014014014014,4.72024570941548e-16,4.72497068009559e-17
1.5015015015015,4.80902943826295e-16,4.8138432815445e-17
1.6016016016016,4.89965366033638e-16,4.90455821855494e-17
1.7017017017017,4.99216007838032e-16,4.99715723561594e-17
1.8018018018018,5.08659142079061e-16,5.09168310389451e-17
1.9019019019019,5.18299146883319e-16,5.18817964848168e-17
2.002002002002,5.28140508463774e-16,5.28669177641416e-17
2.1021021021021,5.38187823999071e-16,5.38726550549622e-17
2.2022022022022,5.4844580459517e-16,5.48994799394566e-17
2.3023023023023,5.58919278331834e-16,5.59478757088924e-17
2.4024024024024,5.69613193396566e-16,5.7018337677334e-17
2.5025025025025,5.80532621308722e-16,5.81113735043766e-17
2.6026026026026,5.91682760236465e-16,5.92275035271738e-17
2.7027027027027,6.03068938409576e-16,6.03672611020597e-17
2.8028028028028,6.146966176309e-16,6.15311929560461e-17
2.9029029029029,6.2657139688967e-16,6.27198595485156e-17
3.003003003003,6.38699016079662e-16,6.39338354434097e-17
3.1031031031031,6.51085359825622e-16,6.51737096922545e-17
3.2032032032032,6.63736461421209e-16,6.64400862283494e-17
3.3033033033033,6.76658506881945e-16,6.7733584272467e-17
3.4034034034034,6.89857839116844e-16,6.9054838750435e-17
3.5035035035035,7.03340962222337e-16,7.04045007229568e-17
3.6036036036036,7.17114545902338e-16,7.1783237828062e-17
3.7037037037037,7.31185430018502e-16,7.31917347365869e-17
3.8038038038038,7.45560629274635e-16,7.46306936210847e-17
3.9039039039039,7.60247338039638e-16,7.61008346386026e-17
4.004004004004,7.75252935313186e-16,7.76028964277464e-17
4.1041041041041,7.90584989838838e-16,7.91376366205045e-17
4.2042042042042,8.06251265369104e-16,8.07058323692798e-17
4.3043043043043,8.22259726087439e-16,8.23082808896337e-17
4.4044044044044,8.38618542192002e-16,8.39458000192195e-17
4.5045045045045,8.55336095646489e-16,8.56192287934425e-17
4.6046046046046,8.72420986103286e-16,8.73294280383671e-17
4.7047047047047,8.89882037004516e-16,8.90772809814332e-17
4.8048048048048,9.07728301866634e-16,9.08636938805441e-17
4.9049049049049,9.25969070754571e-16,9.26895966721294e-17
5.005005005005,9.44613876951364e-16,9.45559436387753e-17
5.1051051051051,9.63672503829828e-16,9.646371409708e-17
5.2052052052052,9.83154991932544e-16,9.84139131063609e-17
5.3053053053053,1.00307164626715e-15,1.00407572198915e-16
5.40540540540541,1.02343304382377e-15,1.0244575013251e-16
5.50550550550551,1.04425004132185e-15,1.04529533665851e-16
5.60560560560561,1.06553378319396e-15,1.06660038357754e-16
5.70570570570571,1.08729570981423e-15,1.08838409390814e-16
5.80580580580581,1.10954756597943e-15,1.11065822420364e-16
5.90590590590591,1.13230140965102e-15,1.13343484449551e-16
6.00600600600601,1.1555696209668e-15,1.15672634731412e-16
6.10610610610611,1.1793649115309e-15,1.18054545698789e-16
6.20620620620621,1.20370033399145e-15,1.20490523923068e-16
6.30630630630631,1.22858929191538e-15,1.22981911102641e-16
6.40640640640641,1.25404554997023e-15,1.25530085082105e-16
6.50650650650651,1.28008324442316e-15,1.28136460903219e-16
6.60660660660661,1.30671689396764e-15,1.30802491888653e-16
6.70670670670671,1.33396141088901e-15,1.33529670759661e-16
6.80680680680681,1.36183211257988e-15,1.36319530788777e-16
6.90690690690691,1.39034473341744e-15,1.39173646988733e-16
7.00700700700701,1.41951543701461e-15,1.420936373388e-16
7.10710710710711,1.44936082885759e-15,1.45081164049809e-16
7.20720720720721,1.47989796934315e-15,1.48137934869184e-16
7.30730730730731,1.51114438722873e-15,1.512657044273e-16
7.40740740740741,1.54311809350965e-15,1.54466275626592e-16
7.50750750750751,1.57583759573783e-15,1.57741501074859e-16
7.60760760760761,1.60932191279698e-15,1.61093284564262e-16
7.70770770770771,1.64359059014992e-15,1.6452358259759e-16
7.80780780780781,1.67866371557406e-15,1.6803440596337e-16
7.90790790790791,1.71456193540182e-15,1.71627821361544e-16
8.00800800800801,1.75130647128323e-15,1.75305953081404e-16
8.10810810810811,1.78891913748885e-15,1.79070984733619e-16
8.20820820820821,1.82742235877128e-15,1.82925161038167e-16
8.30830830830831,1.86683918880496e-15,1.86870789670166e-16
8.40840840840841,1.90719332922387e-15,1.90910243165553e-16
8.50850850850851,1.94850914927825e-15,1.95045960888714e-16
8.60860860860861,1.99081170613147e-15,1.99280451064212e-16
8.70870870870871,2.03412676581962e-15,2.03616292874837e-16
8.80880880880881,2.07848082489689e-15,2.08056138628318e-16
8.90890890890891,2.12390113279059e-15,2.12602715995054e-16
9.00900900900901,2.17041571489087e-15,2.17258830319407e-16
9.10910910910911,2.21805339640085e-15,2.22027367007092e-16
9.20920920920921,2.26684382697396e-15,2.26911293991388e-16
9.30930930930931,2.31681750616622e-15,2.31913664280903e-16
9.40940940940941,2.36800580973241e-15,2.37037618591833e-16
9.50950950950951,2.42044101679584e-15,2.42286388067652e-16
9.60960960960961,2.47415633792297e-15,2.47663297089387e-16
9.70970970970971,2.52918594413498e-15,2.53171766179679e-16
9.80980980980981,2.58556499688954e-15,2.58815315003958e-16
9.90990990990991,2.64332967906798e-15,2.64597565472271e-16
10.01001001001,2.7025172270034e-15,2.70522244945286e-16
10.1101101101101,2.76316596358716e-15,2.76593189548265e-16
10.2102102102102,2.82531533249307e-15,2.82814347596904e-16
10.3103103103103,2.88900593355884e-15,2.89189783139023e-16
10.4104104104104,2.95427955936728e-15,2.95723679616345e-16
10.5105105105105,3.02117923307058e-15,3.02420343650709e-16
10.6106106106106,3.08974924750244e-15,3.09284208959204e-16
10.7107107107107,3.16003520562566e-15,3.1631984040297e-16
10.8108108108108,3.23208406236306e-15,3.23531938174481e-16
10.9109109109109,3.30594416786337e-15,3.30925342128466e-16
11.011011011011,3.38166531225349e-15,3.38505036261611e-16
11.1111111111111,3.459298771933e-15,3.46276153346647e-16
11.2112112112112,3.53889735746656e-15,3.54243979726383e-16
11.3113113113113,3.6205154631342e-15,3.62413960273694e-16
11.4114114114114,3.70420911819992e-15,3.70791703523517e-16
11.5115115115115,3.7900360399632e-15,3.79382986983304e-16
11.6116116116116,3.87805568865896e-15,3.88193762628526e-16
11.7117117117117,3.96832932427553e-15,3.97230162590144e-16
11.8118118118118,4.06092006536148e-15,4.06498505041189e-16
11.9119119119119,4.15589294989638e-15,4.16005300289929e-16
12.012012012012,4.25331499830301e-15,4.25757257087389e-16
12.1121121121121,4.35325527868083e-15,4.3576128915724e-16
12.2122122122122,4.45578497434524e-15,4.46024521956481e-16
12.3123123123123,4.5609774537593e-15,4.56554299675606e-16
12.4124124124124,4.66890834294892e-15,4.6735819248738e-16
12.5125125125125,4.77965560049515e-15,4.7844400405357e-16
12.6126126126126,4.89329959520251e-15,4.89819779299551e-16
12.7127127127127,5.00992318654487e-15,5.01493812466954e-16
12.8128128128128,5.12961180799514e-15,5.1347465545497e-16
12.9129129129129,5.2524535533497e-15,5.25771126461433e-16
13.013013013013,5.37853926616206e-15,5.38392318935142e-16
13.1131131131131,5.50796263240614e-15,5.51347610851466e-16
13.2132132132132,5.64082027649337e-15,5.64646674323661e-16
13.3133133133133,5.7772118607737e-15,5.78299485562934e-16
13.4134134134134,5.91724018865556e-15,5.92316335200758e-16
13.5135135135135,6.06101131148565e-15,6.06707838987554e-16
13.6136136136136,6.20863463933497e-15,6.2148494888238e-16
13.7137137137137,6.36022305584407e-15,6.36658964548957e-16
13.8138138138138,6.51589303728606e-15,6.52241545273881e-16
13.9139139139139,6.67576477601353e-15,6.68244722323677e-16
14.014014014014,6.83996230846194e-15,6.84680911757953e-16
14.1141141141141,7.00861364788859e-15,7.01562927716577e-16
14.2142142142142,7.18185092203601e-15,7.18903996199802e-16
14.3143143143143,7.35981051591357e-15,7.36717769360719e-16
14.4144144144144,7.54263321990132e-15,7.55018340330464e-16
14.5145145145145,7.73046438338948e-15,7.73820258597547e-16
14.6146146146146,7.92345407417228e-15,7.93138545963192e-16
14.7147147147147,8.12175724382947e-15,8.12988713096044e-16
14.8148148148148,8.32553389933352e-15,8.33386776710064e-16
14.9149149149149,8.5349492811351e-15,8.54349277390902e-16
15.015015015015,8.75017404798754e-15,8.75893298096852e-16
15.1151151151151,8.97138446878252e-15,8.98036483361615e-16
15.2152152152152,9.19876262168252e-15,9.2079705922748e-16
15.3153153153153,9.43249660084577e-15,9.44193853938517e-16
15.4154154154154,9.67278073105479e-15,9.68246319424905e-16
15.5155155155155,9.91981579056922e-15,9.92974553610534e-16
15.6156156156156,1.01738092425432e-14,1.0183993235779e-15
15.7157157157157,1.04349754753559e-14,1.04454208962522e-15
15.8158158158158,1.07035360522258e-14,1.07142503025283e-15
15.9159159159159,1.09797199704892e-14,1.09907106811704e-15
16.016016016016,1.12637639309452e-14,1.12750389699151e-15
16.1161161161161,1.15559126176837e-14,1.15674800977815e-15
16.2162162162162,1.18564189888353e-14,1.18682872761114e-15
16.3163163163163,1.21655445786944e-14,1.21777223009954e-15
16.4164164164164,1.24835598116973e-14,1.24960558675649e-15
16.5165165165165,1.28107443287477e-14,1.28235678966443e-15
16.6166166166166,1.31473873264114e-14,1.31605478742857e-15
16.7167167167167,1.34937879095237e-14,1.35072952047285e-15
16.8168168168168,1.38502554577735e-14,1.38641195773509e-15
16.9169169169169,1.42171100068616e-14,1.42313413482099e-15
17.017017017017,1.45946826448484e-14,1.46092919367852e-15
17.1171171171171,1.49833159243398e-14,1.49983142385784e-15
17.2172172172172,1.53833642911914e-14,1.53987630542457e-15
17.3173173173173,1.57951945304339e-14,1.58110055359699e-15
17.4174174174174,1.62191862301623e-14,1.62354216518142e-15
17.5175175175175,1.66557322641645e-14,1.66724046688334e-15
17.6176176176176,1.71052392940962e-14,1.7122361655752e-15
17.7177177177177,1.75681282920491e-14,1.75857140060552e-15
17.8178178178178,1.80448350844018e-14,1.80628979823842e-15
17.9179179179179,1.85358109178754e-14,1.85543652831586e-15
18.018018018018,1.90415230487671e-14,1.90605836323995e-15
18.1181181181181,1.95624553563763e-14,1.958203739377e-15
18.2182182182182,2.00991089816858e-14,2.01192282098957e-15
18.3183183183183,2.06520029924078e-14,2.06726756680759e-15
18.4184184184184,2.12216750755649e-14,2.12429179935584e-15
18.5185185185185,2.18086822588176e-14,2.18305127715892e-15
18.6186186186186,2.24136016618225e-14,2.24360376995221e-15
18.7187187187187,2.30370312789532e-14,2.30600913703235e-15
18.8188188188188,2.36795907947862e-14,2.37032940888751e-15
18.9189189189189,2.43419224338205e-14,2.43662887225431e-15
19.019019019019,2.5024691845965e-14,2.50497415875526e-15
19.1191191191191,2.57285890294078e-14,2.57543433727806e-15
19.2192192192192,2.64543292925527e-14,2.64808101026554e-15
19.3193193193193,2.72026542567954e-14,2.72298841409364e-15
19.4194194194194,2.797433290199e-14,2.80023352372273e-15
19.5195195195195,2.8770162656555e-14,2.87989616181732e-15
19.6196196196196,2.95909705342541e-14,2.96205911253796e-15
19.7197197197197,3.04376143197915e-14,3.04680824021937e-15
19.8198198198198,3.13109838054637e-14,3.13423261315954e-15
19.9199199199199,3.22120020812212e-14,3.22442463275488e-15
20.02002002002,3.31416268806072e-14,3.31748016822895e-15
20.1201201201201,3.41008519851602e-14,3.41349869721324e-15
20.2202202202202,3.50907086900053e-14,3.51258345245298e-15
20.3203203203203,3.61122673334739e-14,3.61484157492232e-15
20.4204204204204,3.71666388937577e-14,3.72038427364943e-15
20.5205205205205,3.82549766557329e-14,3.82932699256586e-15
20.6206206206206,3.93784779512521e-14,3.94178958470992e-15
20.7207207207207,4.0538385976377e-14,4.05789649413184e-15
20.8208208208208,4.17359916891821e-14,4.17777694586408e-15
20.9209209209209,4.29726357919598e-14,4.30156514434033e-15
21.021021021021,4.42497108018339e-14,4.42940048066406e-15
21.1211211211211,4.55686632140124e-14,4.5614277491504e-15
21.2212212212212,4.69309957621029e-14,4.69779737358388e-15
21.3213213213213,4.83382697801566e-14,4.83866564365932e-15
21.4214214214214,4.97921076713418e-14,4.98419496209628e-15
21.5215215215215,5.12941954883874e-14,5.13455410294169e-15
21.6216216216216,5.28462856312277e-14,5.28991848160438e-15
21.7217217217217,5.44501996675265e-14,5.45047043718985e-15
21.8218218218218,5.61078312820839e-14,5.61639952773613e-15
21.9219219219219,5.78211493614191e-14,5.7879028389809e-15
22.022022022022,5.95922012201622e-14,5.96518530732355e-15
22.1221221221221,6.14231159762333e-14,6.14846005768102e-15
22.2222222222222,6.33161080821463e-14,6.33794875697161e-15
22.3223223223223,6.52734810201654e-14,6.53388198400055e-15
22.4224224224224,6.72976311694615e-14,6.73649961656272e-15
22.5225225225225,6.93910518538163e-14,6.94605123661826e-15
22.6226226226226,7.15563375789156e-14,7.16279655444602e-15
22.7227227227227,7.37961884687179e-14,7.38700585272453e-15
22.8228228228228,7.6113414910917e-14,7.61896045154326e-15
22.9229229229229,7.85109424220444e-14,7.85895319539985e-15
23.023023023023,8.09918167433205e-14,8.10728896329536e-15
23.1231231231231,8.35592091789715e-14,8.36428520310026e-15
23.2232232232232,8.62164221893553e-14,8.63027249142697e-15
23.3233233233233,8.89668952519152e-14,8.90559512031185e-15
23.4234234234234,9.18142110036927e-14,9.19061171208137e-15
23.5235235235235,9.4762101679855e-14,9.48569586384937e-15
23.6236236236236,9.78144558635377e-14,9.79123682317697e-15
23.7237237237237,1.0097532556308e-13,1.01076401965045e-14
23.8238238238238,1.04248933633669e-13,1.0435328692059e-14
23.9239239239239,1.07639681561327e-13,1.07747428990317e-14
24.024024024024,1.11152157628169e-13,1.11263421049218e-14
24.1241241241241,1.14791145478929e-13,1.1490605153046e-14
24.2242242242242,1.18561633109857e-13,1.1868031342328e-14
24.3243243243243,1.22468822302271e-13,1.22591413715988e-14
24.4244244244244,1.26518138524319e-13,1.26644783307627e-14
24.5245245245245,1.30715241325815e-13,1.30846087413228e-14
24.6246246246246,1.35066035252432e-13,1.35201236488921e-14
24.7247247247247,1.39576681307034e-13,1.39716397704738e-14
24.8248248248248,1.44253608987501e-13,1.44398006994496e-14
24.9249249249249,1.49103528932075e-13,1.49252781713789e-14
25.025025025025,1.5413344620508e-13,1.54287733939019e-14
25.1251251251251,1.59350674257687e-13,1.59510184442129e-14
25.2252252252252,1.64762849600473e-13,1.64927777377851e-14
25.3253253253253,1.70377947226605e-13,1.70548495722328e-14
25.4254254254254,1.76204296826765e-13,1.76380677504269e-14
25.5255255255255,1.82250599839314e-13,1.82433032872187e-14
25.6256256256256,1.88525947381772e-13,1.88714662043816e-14
25.7257257257257,1.95039839112365e-13,1.95235074186552e-14
25.8258258258258,2.01802203073272e-13,2.02004207280553e-14
25.9259259259259,2.08823416570316e-13,2.09032449019336e-14
26.026026026026,2.16114328147e-13,2.16330658805806e-14
26.1261261261261,2.23686280714333e-13,2.23910190905238e-14
26.2262262262262,2.31551135901512e-13,2.31782918820333e-14
26.3263263263263,2.39721299696461e-13,2.39961260957419e-14
26.4264264264264,2.48209749449345e-13,2.48458207657002e-14
26.5265265265265,2.57030062316694e-13,2.5728734966636e-14
26.6266266266266,2.66196445228344e-13,2.66462908136481e-14
26.7267267267267,2.75723766464551e-13,2.75999766230782e-14
26.8268268268268,2.85627588935851e-13,2.8591350243829e-14
26.9269269269269,2.95924205264047e-13,2.96220425689737e-14
27.027027027027,3.06630674768604e-13,3.06937612380985e-14
27.1271271271271,3.17764862469363e-13,3.18082945414778e-14
27.2272272272272,3.29345480223188e-13,3.29675155378567e-14
27.3273273273273,3.41392130119607e-13,3.41733863983591e-14
27.4274274274274,3.53925350268254e-13,3.54279629898153e-14
27.5275275275275,3.66966663119294e-13,3.67333997116411e-14
27.6276276276276,3.80538626466875e-13,3.80919546012889e-14
27.7277277277277,3.94664887295092e-13,3.95059947242335e-14
27.8278278278278,4.09370238636199e-13,4.09780018654855e-14
27.9279279279279,4.24680679621395e-13,4.25105785406803e-14
28.028028028028,4.40623478916282e-13,4.41064543459742e-14
28.1281281281281,4.57227241745171e-13,4.57684926671843e-14
28.2282282282282,4.74521980721789e-13,4.74996977699489e-14
28.3283283283283,4.92539190717766e-13,4.93032222940707e-14
28.4284284284284,5.11311928015534e-13,5.11823751767303e-14
28.5285285285285,5.30874894008096e-13,5.31406300308405e-14
28.6286286286286,5.512645237255e-13,5.51816340065566e-14
28.7287287287287,5.72519079486053e-13,5.73092171657711e-14
28.8288288288288,5.94678749990044e-13,5.95274024014059e-14
28.9289289289289,6.17785755194683e-13,6.18404159354038e-14
29.029029029029,6.41884457331561e-13,6.42526984315878e-14
29.1291291291291,6.67021478451962e-13,6.67689167619583e-14
29.2292292292292,6.93245824911096e-13,6.93939764675773e-14
29.3293293293293,7.20609019230015e-13,7.21330349579595e-14
29.4294294294294,7.49165239803618e-13,7.49915154958578e-14
29.5295295295295,7.78971468954739e-13,7.79751220174915e-14
29.6296296296296,8.10087649868407e-13,8.10898548416825e-14
29.7297297297297,8.42576852976859e-13,8.43420273250111e-14
29.8298298298298,8.76505452404879e-13,8.77382835240121e-14
29.9299299299299,9.11943313127171e-13,9.12856169296469e-14
30.03003003003,9.48963989534355e-13,9.49913903437794e-14
30.1301301301301,9.87644936152545e-13,9.88633569722268e-14
30.2302302302302,1.02806773131356e-12,1.0290968281417e-13
30.3303303303303,1.07031831462822e-12,1.07138970433256e-13
30.4304304304304,1.11448723917555e-12,1.11560284201757e-13
30.5305305305305,1.16066993938461e-12,1.16183177115577e-13
30.6306306306306,1.20896701565535e-12,1.2101771928482e-13
30.7307307307307,1.25948453683883e-12,1.26074528212095e-13
30.8308308308308,1.31233436177784e-12,1.31364800978763e-13
30.9309309309309,1.36763448119435e-12,1.36900348467903e-13
31.031031031031,1.4255093813035e-12,1.42693631762112e-13
31.1311311311311,1.48609043063368e-12,1.48757800864233e-13
31.2312312312312,1.54951629163913e-12,1.55106735899813e-13
31.3313313313313,1.61593335880811e-12,1.61755090971783e-13
31.4314314314314,1.68549622509403e-12,1.68718340850253e-13
31.5315315315315,1.75836817863145e-12,1.76012830693839e-13
31.6316316316316,1.8347217318443e-12,1.83655829013444e-13
31.7317317317317,1.91473918520967e-12,1.91665584105072e-13
31.8318318318318,1.9986132281098e-12,2.00061384195175e-13
31.9319319319319,2.08654757938674e-12,2.08863621560235e-13
32.032032032032,2.17875767041155e-12,2.18093860902058e-13
32.1321321321321,2.2754713736914e-12,2.27774912281422e-13
32.2322322322322,2.37692978026889e-12,2.37930908935825e-13
32.3323323323323,2.48338802941468e-12,2.485873903318e-13
32.4324324324324,2.59511619438402e-12,2.59771390829232e-13
32.5325325325325,2.7124002282972e-12,2.71511534364085e-13
32.6326326326326,2.83554297451777e-12,2.83838135587365e-13
32.7327327327327,2.96486524624331e-12,2.96783307932263e-13
32.8328328328328,3.10070698038944e-12,3.10381079118063e-13
32.9329329329329,3.24342847124807e-12,3.24667514639447e-13
33.033033033033,3.39341168983122e-12,3.39680849832955e-13
33.1331331331331,3.55106169527977e-12,3.55461631159136e-13
33.2332332332332,3.71680814522442e-12,3.72052867389832e-13
33.3333333333333,3.89110691253474e-12,3.8950019144492e-13
33.4334334334334,4.07444181649079e-12,4.07852033682763e-13
33.5335335335335,4.26732647705745e-12,4.27159807513259e-13
33.6336336336336,4.47030630164761e-12,4.47478108273035e-13
33.7337337337337,4.68396061452147e-12,4.68864926378526e-13
33.8338338338338,4.90890493980181e-12,4.91381875856038e-13
33.9339339339339,5.1457934499862e-12,5.15094439438059e-13
34.034034034034,5.39532159281899e-12,5.40072231513413e-13
34.1341341341341,5.65822891045375e-12,5.66389280325701e-13
34.2342342342342,5.93530206599829e-12,5.94124330930761e-13
34.3343343343343,6.2273780938011e-12,6.23361170550662e-13
34.4344344344344,6.53534789121349e-12,6.5418897809945e-13
34.5345345345345,6.86015997106676e-12,6.86702699806484e-13
34.6346346346346,7.20282449573783e-12,7.2100345302681e-13
34.7347347347347,7.56441761546381e-12,7.57198960506889e-13
34.8348348348348,7.94608613551365e-12,7.95404017568935e-13
34.9349349349349,8.34905253895015e-12,8.35740994889906e-13
35.035035035035,8.77462039403911e-12,8.78340379783696e-13
35.1351351351351,9.22418017789636e-12,9.23341359148786e-13
35.2352352352352,9.69921555073804e-12,9.70892447521327e-13
35.3353353353353,1.02013101181284e-11,1.02115216397682e-12
35.4354354354354,1.07321547219369e-11,1.07428976195565e-12
35.5355355355355,1.12935553043426e-11,1.13048601645071e-12
35.6356356356356,1.18874413932e-11,1.1899340733934e-12
35.7357357357357,1.25158752614308e-11,1.25284036650959e-12
35.8358358358358,1.31810618178746e-11,1.31942560739486e-12
35.9359359359359,1.38853592922647e-11,1.38992585508155e-12
36.036036036036,1.46312907827279e-11,1.46459367194473e-12
36.1361361361361,1.54215567405061e-11,1.54369937342404e-12
36.2362362362362,1.62590484735097e-11,1.62753237973071e-12
36.3363363363363,1.71468627579057e-11,1.71640267846904e-12
36.4364364364364,1.80883176552945e-11,1.8106424079374e-12
36.5365365365365,1.90869696422044e-11,1.91060757179224e-12
36.6366366366366,2.01466321687354e-11,2.01667989677031e-12
36.7367367367367,2.1271395774298e-11,2.12926884627608e-12
36.8368368368368,2.24656499006399e-11,2.24881380386786e-12
36.9369369369369,2.37341065558414e-11,2.37578644202617e-12
37.037037037037,2.5081825997839e-11,2.51069329307698e-12
37.1371371371371,2.65142446224458e-11,2.65407854078537e-12
37.2372372372372,2.80372052589423e-11,2.80652705294718e-12
37.3373373373373,2.96569900963202e-11,2.96866767730934e-12
37.4374374374374,3.13803564853533e-11,3.1411768253607e-12
37.5375375375375,3.32145758861034e-11,3.32478237098132e-12
37.6376376376376,3.51674762574933e-11,3.52026789364298e-12
37.7377377377377,3.72474882154927e-11,3.72847729884813e-12
37.8378378378378,3.94636953195829e-11,3.9503198518101e-12
37.9379379379379,4.18258888838794e-11,4.186775664052e-12
38.038038038038,4.4344627749985e-11,4.43890167667518e-12
38.1381381381381,4.70313035037995e-11,4.70783818856853e-12
38.2382382382382,4.98982116686353e-11,4.99481598284638e-12
38.3383383383383,5.29586294626628e-11,5.30116411037667e-12
38.4384384384384,5.6226900770594e-11,5.62831839545486e-12
38.5385385385385,5.97185290483342e-11,5.977830735569e-12
38.6386386386386,6.34502789559225e-11,6.35137927486713e-12
38.7387387387387,6.74402875993796e-11,6.75077953947745e-12
38.8388388388388,7.17081863571213e-11,7.17799663234448e-12
38.9389389389389,7.62752343725811e-11,7.63515859585398e-12
39.039039039039,8.11644649129327e-11,8.12457106235564e-12
39.1391391391391,8.64008459258476e-11,8.64873332591069e-12
39.2392392392392,9.20114562737545e-11,9.21035598335882e-12
39.3393393393393,9.80256792900093e-11,9.81238030931026e-12
39.4394394394394,1.04475415485975e-10,1.04579995481457e-11
39.5395395395395,1.11395316444638e-10,1.11506823267907e-11
39.6396396396396,1.18823042167979e-10,1.18941984152131e-11
39.7397397397397,1.26799544404933e-10,1.26926470875809e-11
39.8398398398398,1.35369378778188e-10,1.3550488366185e-11
39.9399399399399,1.4458104885522e-10,1.4472577462985e-11
40.04004004004,1.54487385676727e-10,1.54642027704432e-11
40.1401401401401,1.65145966669197e-10,1.65311277947144e-11
40.2402402402402,1.76619578333856e-10,1.76796374708564e-11
40.3403403403403,1.88976727628673e-10,1.89165893522196e-11
40.4404404404404,2.02292207551253e-10,2.02494702253507e-11
40.5405405405405,2.16647723097548e-10,2.16864587685234e-11
40.6406406406406,2.32132584524528e-10,2.32364949474003e-11
40.7407407407407,2.48844475696276e-10,2.49093569265542e-11
40.8408408408408,2.66890306255853e-10,2.67157463719573e-11
40.9409409409409,2.86387157455478e-10,2.86673831286766e-11
41.041041041041,3.07463332712697e-10,3.07771103816514e-11
41.1411411411411,3.30259525361053e-10,3.3059011547653e-11
41.2412412412412,3.54930117653897e-10,3.55285403056955e-11
41.3413413413413,3.81644626886435e-10,3.82026653539975e-11
41.4414414414414,4.10589316555523e-10,4.11000316872396e-11
41.5415415415415,4.41968992815035e-10,4.42411404219255e-11
41.6416416416416,4.76009009148811e-10,4.76485494643456e-11
41.7417417417417,5.12957505221413e-10,5.13470976197611e-11
41.8418418418418,5.53087909335282e-10,5.53641550886169e-11
41.9419419419419,5.96701737885819e-10,5.97299036922743e-11
42.042042042042,6.44131729739269e-10,6.44776506245515e-11
42.1421421421421,6.9574535864843e-10,6.9644180044888e-11
42.2422422422422,7.51948772770528e-10,7.52701474244774e-11
42.3423423423423,8.1319121717738e-10,8.14005222399781e-11
42.4424424424424,8.79970003088758e-10,8.80850853942702e-11
42.5425425425425,9.52836096575231e-10,9.53789886461695e-11
42.6426426426426,1.03240040985523e-09,1.03343384369893e-10
42.7427427427427,1.11934089027141e-09,1.12046135162303e-10
42.8428428428428,1.21441051583091e-09,1.21562614197289e-10
42.942942942943,1.31844632213372e-09,1.31976608822195e-10
43.043043043043,1.43237960394712e-09,1.43381341736449e-10
43.1431431431431,1.55724745602778e-09,1.55880626229007e-10
43.2432432432432,1.69420584253547e-09,1.69590174427975e-10
43.3433433433433,1.8445444131017e-09,1.84639080390561e-10
43.4434434434434,2.00970331699246e-09,2.01171503202449e-10
43.5435435435435,2.19129230564298e-09,2.19348579143442e-10
43.6436436436436,2.39111245909607e-09,2.39350596506113e-10
43.7437437437437,2.61118092467477e-09,2.61379471939417e-10
43.8438438438438,2.85375911790494e-09,2.85661573363859e-10
43.943943943944,3.12138490786977e-09,3.12450941728706e-10
44.044044044044,3.4169093937255e-09,3.42032972344895e-10
44.1441441441441,3.7435389782985e-09,3.74728626456307e-10
44.2442442442442,4.10488356122918e-09,4.10899255378297e-10
44.3443443443443,4.50501181126002e-09,4.50952133259262e-10
44.4444444444444,4.94851463886847e-09,4.95346810697545e-10
44.5445445445446,5.44057818117775e-09,5.44602420538314e-10
44.6446446446447,5.98706783654137e-09,5.99306089743882e-10
44.7447447447448,6.59462515314177e-09,6.6012263795213e-10
44.8448448448449,7.27077969251412e-09,7.2780577502644e-10
44.944944944945,8.02407836495086e-09,8.0321104754263e-10
45.045045045045,8.86423518118909e-09,8.87310828947859e-10
45.1451451451452,9.80230489810773e-09,9.81211701512287e-10
45.2452452452453,1.08508846729627e-08,1.08617464193821e-09
45.3453453453454,1.2024348602406e-08,1.20363849873934e-09
45.4454454454455,1.33391209353457e-08,1.33524734087545e-09
45.5455455455456,1.48139948446102e-08,1.48288236682785e-09
45.6456456456457,1.64705049606349e-08,1.64869919525875e-09
45.7457457457458,1.83333634591704e-08,1.83517151743448e-09
45.8458458458459,2.04309714136671e-08,2.04514228365036e-09
45.945945945946,2.27960194446914e-08,2.28188382829744e-09
46.046046046046,2.54661945140055e-08,2.54916862002058e-09
46.1461461461462,2.84850131319173e-08,2.85135266585759e-09
46.2462462462463,3.1902805412575e-08,3.19347401527277e-09
46.3463463463464,3.57778794964818e-08,3.58136931896715e-09
46.4464464464465,4.01779020793125e-08,4.0218120199512e-09
46.5465465465466,4.51815384121344e-08,4.52267651773117e-09
46.6466466466467,5.08804045105281e-08,5.09313358463745e-09
46.7467467467468,5.73813958566953e-08,5.74388346913868e-09
46.8468468468469,6.48094711391754e-08,6.48743454846601e-09
46.946946946947,7.33109872318907e-08,7.33843716034943e-09
47.047047047047,8.30577035338593e-08,8.31408443782377e-09
47.1471471471472,9.4251601074553e-08,9.43459470215747e-09
47.2472472472473,1.07130695842988e-07,1.07237933776765e-08
47.3473473473474,1.21976068419721e-07,1.22098166586308e-08
47.4474474474475,1.39120385488742e-07,1.39259645133876e-08
47.5475475475476,1.58958256153997e-07,1.59117373527525e-08
47.6476476476477,1.81958851023901e-07,1.82140992015918e-08
47.7477477477478,2.08681319735831e-07,2.08890209945777e-08
47.8478478478479,2.39793679447083e-07,2.40033713160244e-08
47.947947947948,2.76096021271485e-07,2.76372393665151e-08
48.048048048048,3.18549104763304e-07,3.18867972736041e-08
48.1481481481482,3.68309696897472e-07,3.68678375272746e-08
48.2482482482483,4.26774380774597e-07,4.27201582356955e-08
48.3483483483484,4.95634035933815e-07,4.96130166099916e-08
48.4484484484485,5.76941810522846e-07,5.77519329852699e-08
48.5485485485486,6.73198210833004e-07,6.73872082915921e-08
48.6486486486487,7.87457986433528e-07,7.88246232666195e-08
48.7487487487488,9.2346487089655e-07,9.24389260156708e-08
48.8488488488489,1.0858220591829e-06,1.08690896815105e-07
48.948948948949,1.2802087129617e-06,1.28149020316486e-07
49.049049049049,1.51365598884565e-06,1.51517116000565e-07
49.1491491491492,1.79490036187417e-06,1.7966970589331e-07
49.2492492492493,2.13483775333575e-06,2.13697472806382e-07
49.3493493493494,2.54710970195772e-06,2.54965936131904e-07
49.4494494494495,3.04886328274436e-06,3.0519151979423e-07
49.5495495495496,3.66174071523476e-06,3.66540612135612e-07
49.6496496496497,4.4131740686793e-06,4.41759166033964e-07
49.7497497497498,5.33808722027128e-06,5.34343065092221e-07
49.8498498498499,6.4811441681496e-06,6.48763179994956e-07
49.94994994995,7.89973409683634e-06,7.90764173857493e-07
50.0500500500501,9.66795518816391e-06,9.67763282098491e-07
50.1501501501502,1.18819596275467e-05,1.18938534810277e-06
50.2502502502503,1.46671639529323e-05,1.46818457987311e-06
50.3503503503504,1.81880298079538e-05,1.82062360439978e-06
50.4504504504505,2.26614064972964e-05,2.26840905878844e-06
50.5505505505506,2.83748368323091e-05,2.84032400723815e-06
50.6506506506507,3.57118178105565e-05,3.57475653759324e-06
50.7507507507508,4.51868602523272e-05,4.52320923446719e-06
50.8508508508509,5.74944278731017e-05,5.75519798529548e-06
50.950950950951,7.35776341198563e-05,7.36512854052617e-06
51.0510510510511,9.47251936091028e-05,9.48200136227257e-06
51.1511511511512,0.000122708938629312,1.22831770399712e-05
51.2512512512513,0.000159979752484237,1.60139892376614e-05
51.3513513513514,0.000209947778533606,2.10157936470076e-05
51.4514514514515,0.000277384216067489,2.77661877945435e-05
51.5515515515516,0.000368998114583357,3.69367482065423e-05
51.6516516516517,0.000494263585593967,4.94758343937905e-05
51.7517517517518,0.000666601565930141,6.67268834764907e-05
51.8518518518519,0.000905054799053324,9.05960759813139e-05
51.951951951952,0.00123662992369178,0.000123786779148326
52.0520520520521,0.00169950247910768,0.000170120368279048
52.1521521521522,0.00234725932725341,0.00023496089361896
52.2522522522523,0.0032542349413353,0.000325749243376907
52.3523523523524,0.00452170600062928,0.000452623223286215
52.4524524524525,0.00628416934852599,0.000629045980833434
52.5525525525526,0.00871415864069708,0.000872288152221931
52.6526526526527,0.0120233206305317,0.00120353559865183
52.7527527527528,0.0164574217319176,0.00164738956275452
52.8528528528529,0.0222844317354663,0.00223067384739402
52.952952952953,0.0297780201433567,0.0029807827971328
53.0530530530531,0.0392020675570691,0.00392413088659351
53.1531531531532,0.0508018295498786,0.00508526822321108
53.2532532532533,0.0648020105249244,0.00648668774023268
53.3533533533534,0.0814035169389901,0.00814850019409312
53.4534534534535,0.100765243931505,0.0100866110041546
53.5535535535536,0.122960146567264,0.0123083229797061
53.6536536536537,0.147906777663769,0.0148054832496265
53.7537537537538,0.175294879737925,0.0175470350088013
53.8538538538539,0.204539116538143,0.0204743860398542
53.953953953954,0.234797029749787,0.0235032061811599
54.0540540540541,0.265065219193445,0.0265330549743189
54.1541541541542,0.294325699565323,0.0294620319885208
54.2542542542543,0.321678892714763,0.0322000893608372
54.3543543543544,0.346401808512096,0.0346748557069166
54.4544544544545,0.36791343468985,0.0368281716406257
54.5545545545546,0.38568444718468,0.0386070517702383
54.6546546546547,0.399160262446516,0.0399559822268785
54.7547547547548,0.407761166702224,0.0408169336038263
54.8548548548549,0.410985875380598,0.0411397272653252
54.954954954955,0.408588960095919,0.0408997958053974
55.0550550550551,0.400751312921185,0.0401152465386572
55.1551551551552,0.388149259959912,0.038853779775767
55.2552552552553,0.371872022976335,0.0372244267243579
55.3553553553554,0.353215984726714,0.0353569554280995
55.4554554554555,0.333441958999228,0.0333775734733963
55.5555555555556,0.313581676117981,0.0313895571689671
55.6556556556557,0.294335697826548,0.0294630328154703
55.7557557557558,0.276057570176924,0.0276333904081006
55.8558558558559,0.258795277274603,0.025905433160621
55.955955955956,0.242361758044891,0.0242604362407298
56.0560560560561,0.22641844743266,0.0226645092525185
56.1561561561562,0.210566865403729,0.0210777643046776
56.2562562562563,0.194446005326928,0.0194640645972901
56.3563563563564,0.177826259530988,0.0178004263794783
56.4564564564565,0.160678987956708,0.0160839827784493
56.5565565565566,0.143195943490432,0.0143339282773205
56.6566566566567,0.125745225214136,0.0125871096310447
56.7567567567568,0.108777826980984,0.0108886713694679
56.8568568568569,0.0927226921720359,0.00928155076797158
56.956956956957,0.0779098901047442,0.0077987877982727
57.0570570570571,0.0645412353221513,0.00646058411633147
57.1571571571572,0.0527023785052896,0.00527551336389286
57.2572572572573,0.042395872086017,0.00424383103964135
57.3573573573574,0.0335743839410049,0.00336079919329379
57.4574574574575,0.0261617337691933,0.00261879216908842
57.5575575575576,0.0200600857614976,0.00200801659274251
57.6576576576577,0.0151495234134883,0.00151646881015899
57.7577577577578,0.0112884435416798,0.00112997432849648
57.8578578578579,0.00831978937587685,0.000832811749337023
57.957957957958,0.0060825261953059,0.000608861481011603
58.0580580580581,0.00442419229251655,0.000442862091342998
58.1581581581582,0.00321044988722651,0.00032136635507773
58.2582582582583,0.00232984919570618,0.000233218137708327
58.3583583583584,0.00169425943860598,0.000169595539399998
58.4584584584585,0.00123649695970272,0.000123773469439712
58.5585585585586,0.000906705354256816,9.07612967224041e-05
58.6586586586587,0.000668578417791643,6.69247665457101e-05
58.7587587587588,0.000496005524897112,4.96502026924037e-05
58.8588588588589,0.000370349076211024,3.70719796007032e-05
58.958958958959,0.000278354969107956,2.78633602710667e-05
59.0590590590591,0.000210605565488143,2.10816381870013e-05
59.1591591591592,0.000160400654548106,1.6056121576387e-05
59.2592592592593,0.000122959822458236,1.23082905363599e-05
59.3593593593594,9.48588692322525e-05,9.4953823055308e-06
59.4594594594595,7.36333949105339e-05,7.37071020125466e-06
59.5595595595596,5.75003861752635e-05,5.7557944119383e-06
59.6596596596597,4.51625435653243e-05,4.5207751316641e-06
59.7597597597598,3.56704484518811e-05,3.57061546064877e-06
59.8598598598599,2.83251428657771e-05,2.83534963621393e-06
59.95995995996,2.26089838234139e-05,2.26316154388528e-06
60.0600600600601,1.81363323340984e-05,1.81544868209194e-06
60.1601601601602,1.46182067366484e-05,1.46328395762246e-06
60.2602602602603,1.18368094992978e-05,1.18486581574552e-06
60.3603603603604,9.62706816888506e-06,9.63670487375883e-07
60.4604604604605,7.86318440768193e-06,7.87105546314509e-07
60.5605605605606,6.44877759325418e-06,6.45523282608027e-07
60.6606606606607,5.30962227618227e-06,5.31493721339568e-07
60.7607607607608,4.38826752140574e-06,4.39266018158733e-07
60.8608608608609,3.6400289807472e-06,3.6436726534006e-07
60.960960960961,3.02998768451936e-06,3.03302070522459e-07
61.0610610610611,2.53073105448217e-06,2.53326431880097e-07
61.1611611611612,2.12064399527069e-06,2.12276676203273e-07
61.2612612612613,1.78260975518439e-06,1.78439414933372e-07
61.3613613613614,1.50301756991084e-06,1.50452209200284e-07
61.4614614614615,1.27100111386649e-06,1.27227338725375e-07
61.5615615615616,1.07785143121322e-06,1.0789303615748e-07
61.6616616616617,9.16562381219395e-07,9.17479861080477e-08
61.7617617617618,7.81477183708458e-07,7.82259443151611e-08
61.8618618618619,6.68012438900136e-07,6.68681120020158e-08
61.961961961962,5.72441772582743e-07,5.73014787370114e-08
62.0620620620621,4.91725561891331e-07,4.92217779671003e-08
62.1621621621622,4.23376418831028e-07,4.23800219050078e-08
62.2622622622623,3.65352531010275e-07,3.65718249259535e-08
62.3623623623624,3.15972788144436e-07,3.16289077221658e-08
62.4624624624625,2.73849009879923e-07,2.74123133012937e-08
62.5625625625626,2.37831646571031e-07,2.38069716287318e-08
62.6626626626627,2.06966131997596e-07,2.071733053029e-08
62.7627627627628,1.80457686639509e-07,1.80638324964473e-08
62.8628628628629,1.57642847491556e-07,1.57800648139696e-08
62.962962962963,1.37966369539264e-07,1.38104474013278e-08
63.0630630630631,1.2096243049695e-07,1.21083514010961e-08
63.1631631631632,1.06239293527145e-07,1.06345639166311e-08
63.2632632632633,9.34667570286471e-08,9.35603173459932e-09
63.3633633633634,8.23658573075729e-08,8.24483056131862e-09
63.4634634634635,7.2700397508271e-08,7.277317067895e-09
63.5635635635636,6.4269961069635e-08,6.43342953650001e-09
63.6636636636637,5.69041351750647e-08,5.69610962713361e-09
63.7637637637638,5.04577230271631e-08,5.05082312584216e-09
63.8638638638639,4.4806766276704e-08,4.48516178945987e-09
63.963963963964,3.9845232879039e-08,3.98851179970361e-09
64.0640640640641,3.54822528383082e-08,3.55177706089172e-09
64.1641641641642,3.16398061352426e-08,3.16714776128555e-09
64.2642642642643,2.82507847184872e-08,2.82790637822696e-09
64.3643643643644,2.5257364637065e-08,2.52826472843494e-09
64.4644644644645,2.26096358842391e-08,2.26322681523915e-09
64.5645645645646,2.02644468493377e-08,2.02847315809186e-09
64.6646646646647,1.81844278607742e-08,1.82026304912655e-09
64.7647647647648,1.63371644898373e-08,1.63535180078452e-09
64.8648648648649,1.46944963409704e-08,1.4709205546517e-09
64.964964964965,1.32319211961712e-08,1.32451663625337e-09
65.0650650650651,1.19280877816212e-08,1.19400278094307e-09
65.1651651651652,1.07643632225616e-08,1.07751383609225e-09
65.2652652652653,9.72446355938802e-09,9.73419775714518e-10
65.3653653653654,8.79413760412133e-09,8.80294054466601e-10
65.4654654654655,7.96089599459065e-09,7.96886485945011e-10
65.5655655655656,7.21377861295478e-09,7.22099961256736e-10
65.6656656656657,6.54315462347378e-09,6.54970432780159e-10
65.7657657657658,5.94055029079638e-09,5.94649678758397e-10
65.8658658658659,5.39850049625557e-09,5.40390440065623e-10
65.965965965966,4.91042050181275e-09,4.91533583765041e-10
66.0660660660661,4.47049504064545e-09,4.47497001065611e-10
66.1661661661662,4.07358225745652e-09,4.0776599173739e-10
66.2662662662663,3.71513039475337e-09,3.71884924399737e-10
66.3663663663664,3.3911054354746e-09,3.39449993541002e-10
66.4664664664665,3.09792817719923e-09,3.10102920640564e-10
66.5665665665666,2.83241943685923e-09,2.83525469155079e-10
66.6666666666667,2.59175227408717e-09,2.59434662070788e-10
66.7667667667668,2.3734102816366e-09,2.3757860677043e-10
66.8668668668669,2.17515112733162e-09,2.17732845578741e-10
66.966966966967,1.99497464759692e-09,1.99697161921614e-10
67.0670670670671,1.83109489099232e-09,1.83292781881113e-10
67.1671671671672,1.68191559402504e-09,1.68359919321826e-10
67.2672672672673,1.54600864307587e-09,1.54755619927515e-10
67.3673673673674,1.42209513744491e-09,1.42351865610102e-10
67.4674674674675,1.30902872087538e-09,1.31033905993532e-10
67.5675675675676,1.20578089378611e-09,1.20698788166778e-10
67.6676676676677,1.11142805694988e-09,1.11254059754743e-10
67.7677677677678,1.02514007044763e-09,1.02616623668431e-10
67.8678678678679,9.46170140199864e-10,9.47117257457322e-11
67.967967967968,8.73845868907649e-10,8.74720589497147e-11
68.0680680680681,8.07561329394042e-10,8.08369699093137e-11
68.1681681681682,7.46770036611735e-10,7.47517554165902e-11
68.2682682682683,6.90978710383534e-10,6.916703807643e-11
68.3683683683684,6.39741734622232e-10,6.40382116738972e-11
68.4684684684685,5.92656230632391e-10,5.93249480112505e-11
68.5685685685686,5.49357672384342e-10,5.49907579964308e-11
68.6686686686687,5.09515980587647e-10,5.10026006594242e-11
68.7687687687688,4.7283204016289e-10,4.73305345508399e-11
68.8688688688689,4.39034592477237e-10,4.39474066543782e-11
68.968968968969,4.07877459605693e-10,4.08285745351045e-11
69.0690690690691,3.79137063025247e-10,3.79516579604852e-11
69.1691691691692,3.52610203642044e-10,3.52963166808854e-11
69.2692692692693,3.28112073980231e-10,3.28440514494726e-11
69.3693693693694,3.05474476798748e-10,3.05780257055804e-11
69.4694694694695,2.84544227414109e-10,2.8482905647058e-11
69.5695695695696,2.65181719647673e-10,2.65447166814488e-11
69.6696696696697,2.47259637633967e-10,2.47507144778746e-11
69.7697697697698,2.30661797762733e-10,2.30892690453186e-11
69.8698698698699,2.15282106818208e-10,2.15497604422631e-11
69.96996996997,2.01023623955091e-10,2.01224848803895e-11
70.0700700700701,1.87797715539344e-10,1.87985701240585e-11
70.1701701701702,1.75523293106251e-10,1.7569899209835e-11
70.2702702702703,1.64126125768775e-10,1.6429041618496e-11
70.3703703703704,1.53538219363731e-10,1.53691911275006e-11
70.4704704704705,1.436972554672e-10,1.43841096563764e-11
70.5705705705706,1.34546084157202e-10,1.34680764922124e-11
70.6706706706707,1.26032265062976e-10,1.26158423486462e-11
70.7707707707708,1.18107651826163e-10,1.18225877703867e-11
70.8708708708709,1.10728015619144e-10,1.10838854473618e-11
70.970970970971,1.03852703827141e-10,1.03956660487629e-11
71.0710710710711,9.74443304108262e-11,9.75418722831095e-12
71.1711711711712,9.14684948305916e-11,9.15600548854772e-12
71.2712712712713,8.58935267381162e-11,8.59795062443607e-12
71.3713713713714,8.06902539296558e-11,8.07710249546105e-12
71.4714714714715,7.58317913129285e-11,7.59076990119406e-12
71.5715715715716,7.12933488690333e-11,7.1364713582616e-12
71.6716716716717,6.70520567957151e-11,6.71191759716869e-12
71.7717717717718,6.30868062012885e-11,6.3149956157446e-12
71.8718718718719,5.93781038820821e-11,5.94375414235057e-12
71.971971971972,5.59079398625149e-11,5.59639037662813e-12
72.0720720720721,5.26596665078654e-11,5.27123788867523e-12
72.1721721721722,4.96178881370105e-11,4.96675556927033e-12
72.2722722722723,4.67683601675284e-11,4.68151753428713e-12
72.3723723723724,4.40978969197662e-11,4.4142038958725e-12
72.4724724724725,4.1594287291083e-11,4.16359232142974e-12
72.5725725725726,3.92462175873916e-11,3.92855030904821e-12
72.6726726726727,3.70432008674049e-11,3.70802811485535e-12
72.7727727727728,3.49755122163242e-11,3.50105227390633e-12
72.8728728728729,3.30341294209403e-11,3.30671966175579e-12
72.972972972973,3.12106785678143e-11,3.12419204883026e-12
73.0730730730731,2.94973841309839e-11,2.9526911042026e-12
73.1731731731732,2.78870231559982e-11,2.79149380940924e-12
73.2732732732733,2.63728831835019e-11,2.63992824659679e-12
73.3733733733734,2.49487235884166e-11,2.49736972857023e-12
73.4734734734735,2.36087400404598e-11,2.36323724128727e-12
73.5735735735736,2.23475318185265e-11,2.23699017202468e-12
73.6736736736737,2.11600717356991e-11,2.11812529886878e-12
73.7737737737738,2.00416784535643e-11,2.00617401937581e-12
73.8738738738739,1.89879909843599e-11,1.90069979823423e-12
73.973973973974,1.79949451974287e-11,1.80129581555843e-12
74.0740740740741,1.70587521627436e-11,1.70758279907344e-12
74.1741741741742,1.61758781790133e-11,1.61920702492626e-12
74.2742742742743,1.53430263472711e-11,1.53583847320031e-12
74.3743743743744,1.4557119562985e-11,1.45716912542392e-12
74.4744744744745,1.38152848107654e-11,1.38291139246901e-12
74.5745745745746,1.31148386557563e-11,1.31279666223787e-12
74.6746746746747,1.24532738349101e-11,1.24657395744846e-12
74.7747747747748,1.18282468596197e-11,1.18400869465662e-12
74.8748748748749,1.12375665487241e-11,1.12488153640882e-12
74.974974974975,1.0679183417754e-11,1.06898732910451e-12
75.0750750750751,1.01511798565382e-11,1.01613411977359e-12
75.1751751751752,9.65176103297683e-12,9.66142245543227e-13
75.2752752752753,9.1792464659819e-12,9.18843490088279e-13
75.3753753753754,8.7320622153124e-12,8.74080301833075e-13
75.4754754754755,8.30873364035593e-12,8.31705069104699e-13
75.5755755755756,7.90787868384423e-12,7.91579447832256e-13
75.6756756756757,7.52820164009717e-12,7.53573737747465e-13
75.7757757757758,7.16848737067511e-12,7.17566303370883e-13
75.8758758758759,6.82759593333012e-12,6.83443036369382e-13
75.975975975976,6.50445759289546e-12,6.51096856145692e-13
76.0760760760761,6.19806818527182e-12,6.20427245772956e-13
76.1761761761762,5.90748480797089e-12,5.91339820617708e-13
76.2762762762763,5.63182181278799e-12,5.63745927206006e-13
76.3763763763764,5.37024707810806e-12,5.37562270080888e-13
76.4764764764765,5.12197854012209e-12,5.12710564576787e-13
76.5765765765766,4.88628096385449e-12,4.89117213599049e-13
76.6766766766767,4.66246293639324e-12,4.6671300664597e-13
76.7767767767768,4.44987406608275e-12,4.45432839447724e-13
76.8768768768769,4.24790237269408e-12,4.25215452722131e-13
76.976976976977,4.05597185474149e-12,4.06003188662813e-13
77.0770770770771,3.87354022117435e-12,3.87741763881317e-13
77.1771771771772,3.70009677564585e-12,3.70380057622208e-13
77.2772772772773,3.53516044245856e-12,3.53869914160017e-13
77.3773773773774,3.37827792410844e-12,3.38165958369214e-13
77.4774774774775,3.22902198110916e-12,3.23225423534451e-13
77.5775775775776,3.08698982547498e-12,3.09007990538037e-13
77.6776776776777,2.95180161988627e-12,2.95475637626254e-13
77.7777777777778,2.82309907515075e-12,2.82592500015091e-13
77.8778778778779,2.70054413912285e-12,2.70324738650937e-13
77.977977977978,2.58381777074482e-12,2.58640417491974e-13
78.0780780780781,2.47261879333901e-12,2.47509388722624e-13
78.1781781781782,2.36666282170838e-12,2.36903185356194e-13
78.2782782782783,2.26568125799842e-12,2.26794920720563e-13
78.3783783783784,2.16942035163854e-12,2.17159194358213e-13
78.4784784784785,2.07764031901861e-12,2.07972003905767e-13
78.5785785785786,1.99011451886759e-12,1.99210662549309e-13
78.6786786786787,1.90662867958997e-12,1.90853721680678e-13
78.7787787787788,1.82698017508142e-12,1.82880898406549e-13
78.8788788788789,1.75097734579229e-12,1.75273007586816e-13
78.978978978979,1.67843886203462e-12,1.68011898101564e-13
79.0790790790791,1.60919312674061e-12,1.61080393067129e-13
79.1791791791792,1.54307771507442e-12,1.54462233741183e-13
79.2792792792793,1.47993884848172e-12,1.48142026875047e-13
79.3793793793794,1.41963090092771e-12,1.42105195288059e-13
79.4794794794795,1.36201593523077e-12,1.36337931454532e-13
79.5795795795796,1.30696326754227e-12,1.30827153908135e-13
79.6796796796797,1.25434905815729e-12,1.25560466282011e-13
79.7797797797798,1.20405592696424e-12,1.2052611881524e-13
79.8798798798799,1.15597259195736e-12,1.15712972167904e-13
79.97997997998,1.10999352934166e-12,1.11110463397564e-13
80.0800800800801,1.06601865386036e-12,1.06708573959997e-13
80.1801801801802,1.02395301806566e-12,1.02497799606172e-13
80.2802802802803,9.83706529340304e-13,9.84691220560867e-14
80.3803803803804,9.45193683556373e-13,9.46139823379755e-14
80.4804804804805,9.08333314331605e-13,9.09242556888494e-14
80.5805805805806,8.73048356912804e-13,8.73922279191997e-14
80.6806806806807,8.39265625779342e-13,8.40105731510855e-14
80.7807807807808,8.06915605119412e-13,8.0772332844786e-14
80.8808808808809,7.75932251387384e-13,7.76708960347733e-14
80.980980980981,7.462528072017e-13,7.4699980700871e-14
81.0810810810811,7.17817625891115e-13,7.1853616205317e-14
81.1811811811812,6.90570006041766e-13,6.91261267309076e-14
81.2812812812813,6.6445603543911e-13,6.65121156595707e-14
81.3813813813814,6.39424443837808e-13,6.40064508346155e-14
81.4814814814815,6.15426464028775e-13,6.16042506535311e-14
81.5815815815816,5.92415700706334e-13,5.93008709415751e-14
81.6816816816817,5.70348006670107e-13,5.70918925595703e-14
81.7817817817818,5.49181365925492e-13,5.49731097022515e-14
81.8818818818819,5.28875783274164e-13,5.29405188462628e-14
81.981981981982,5.09393180011642e-13,5.09903083094738e-14
82.0820820820821,4.90697295372725e-13,4.91188483856583e-14
82.1821821821822,4.72753593388272e-13,4.73226820208481e-14
82.2822822822823,4.555291748374e-13,4.55985159997398e-14
82.3823823823824,4.38992693998776e-13,4.39432126124901e-14
82.4824824824825,4.23114279923033e-13,4.23537817740775e-14
82.5825825825826,4.07865461965192e-13,4.08273735700894e-14
82.6826826826827,3.93219099332174e-13,3.93612712044219e-14
82.7827827827828,3.79149314415156e-13,3.79528843258415e-14
82.8828828828829,3.65631429690696e-13,3.65997427117814e-14
82.982982982983,3.52641907987512e-13,3.52994902890403e-14
83.0830830830831,3.40158295928097e-13,3.4049879472282e-14
83.1831831831832,3.28159170365713e-13,3.28487658023737e-14
83.2832832832833,3.16624087648228e-13,3.16941028676905e-14
83.3833833833834,3.05533535550057e-13,3.05839374924982e-14
83.4834834834835,2.9486888772318e-13,2.95164051774955e-14
83.5835835835836,2.84612360526755e-13,2.8489725778454e-14
83.6836836836837,2.74746972103384e-13,2.75021994097482e-14
83.7837837837838,2.65256503577634e-13,2.65522025603238e-14
83.8838838838839,2.56125462259882e-13,2.56381844103986e-14
83.983983983984,2.47339046745237e-13,2.47586633378616e-14
84.0840840840841,2.38883113803807e-13,2.39122236039847e-14
84.1841841841842,2.30744146964548e-13,2.30975122086635e-14
84.2842842842843,2.22909226700587e-13,2.23132359059647e-14
84.3843843843844,2.15366002129209e-13,2.15581583712923e-14
84.4844844844845,2.08102664144732e-13,2.08310975119852e-14
84.5845845845846,2.01107919907083e-13,2.01309229136219e-14
84.6846846846847,1.94370968613381e-13,1.94565534147529e-14
84.7847847847848,1.87881478483879e-13,1.88069548031912e-14
84.8848848848849,1.81629564897601e-13,1.81811376273875e-14
84.984984984985,1.75605769616541e-13,1.75781551167709e-14
85.0850850850851,1.69801041040864e-13,1.69971012052917e-14
85.1851851851852,1.64206715440641e-13,1.64371086527168e-14
85.2852852852853,1.58814499112822e-13,1.58973472585408e-14
85.3853853853854,1.53616451414892e-13,1.53770221636529e-14
85.4854854854855,1.48604968629458e-13,1.4875372235181e-14
85.5855855855856,1.4377276861645e-13,1.43916685301752e-14
85.6856856856857,1.39112876212079e-13,1.3925212834042e-14
85.7857857857858,1.3461860933592e-13,1.34753362698619e-14
85.8858858858859,1.30283565769568e-13,1.30413979749317e-14
85.985985985986,1.26101610572389e-13,1.262278384108e-14
86.0860860860861,1.2206686410169e-13,1.22189053154845e-14
86.1861861861862,1.18173690606441e-13,1.18291982589031e-14
86.2862862862863,1.14416687365359e-13,1.14531218583943e-14
86.3863863863864,1.10790674341719e-13,1.10901575917637e-14
86.4864864864865,1.07290684328744e-13,1.07398082411156e-14
86.5865865865866,1.03911953560854e-13,1.04015969530385e-14
86.6866866866867,1.00649912767328e-13,1.00750663430759e-14
86.7867867867868,9.75001786462261e-14,9.75977764226489e-15
86.8868868868869,9.44585457375767e-14,9.45530988364132e-15
86.986986986987,9.15209786759348e-14,9.16125912672021e-15
87.0870870870871,8.86836048034781e-14,8.87723771806589e-15
87.1871871871872,8.5942707125812e-14,8.60287358616738e-15
87.2872872872873,8.32947175935507e-14,8.33780956892401e-15
87.3873873873874,8.07362106936765e-14,8.0817027721398e-15
87.4874874874875,7.82638973354564e-14,7.83422395750316e-15
87.5875875875876,7.58746190165544e-14,7.59505695861407e-15
87.6876876876877,7.35653422556394e-14,7.36389812368763e-15
87.7877877877878,7.13331532785828e-14,7.14045578364193e-15
87.8878878878879,6.91752529459284e-14,6.92444974433719e-15
87.987987987988,6.70889519100035e-14,6.71561080180216e-15
88.0880880880881,6.5071665990604e-14,6.51368027933975e-15
88.1881881881882,6.31209117587607e-14,6.31840958546154e-15
88.2882882882883,6.12343023186385e-14,6.12955979165552e-15
88.3883883883884,5.94095432780993e-14,5.94690122903898e-15
88.4884884884885,5.76444288989627e-14,5.77021310299928e-15
88.5885885885886,5.5936838418442e-14,5.59928312496918e-15
88.6886886886887,5.42847325336496e-14,5.43390716052549e-15
88.7887887887888,5.26861500414945e-14,5.2738888930425e-15
88.8888888888889,5.11392046266601e-14,5.11903950216818e-15
88.988988988989,4.96420817907216e-14,4.9691773564286e-15
89.0890890890891,4.81930359158037e-14,4.82412771929968e-15
89.1891891891892,4.67903874565164e-14,4.68372246811977e-15
89.2892892892893,4.54325202541992e-14,4.54779982524517e-15
89.3893893893894,4.41178789678135e-14,4.41620410088224e-15
89.4894894894895,4.2844966616088e-14,4.28878544705586e-15
89.5895895895896,4.16123422258006e-14,4.16539962220227e-15
89.6896896896897,4.0418618581312e-14,4.04590776589711e-15
89.7897897897898,3.92624600707236e-14,3.93017618325562e-15
89.8898898898899,3.81425806242352e-14,3.81807613856209e-15
89.98998998999,3.70577417405184e-14,3.70948365770956e-15
90.0900900900901,3.60067505970929e-14,3.60427933904834e-15
90.1901901901902,3.49884582409159e-14,3.50234817226385e-15
90.2902902902903,3.40017578555538e-14,3.40357936492031e-15
90.3903903903904,3.3045583101491e-14,3.30786617632543e-15
90.4904904904905,3.21189065262934e-14,3.21510575838774e-15
90.5905905905906,3.12207380414961e-14,3.12519900315276e-15
90.6906906906907,3.03501234632382e-14,3.03805039672054e-15
90.7907907907908,2.95061431138061e-14,2.95356787925987e-15
90.8908908908909,2.868791048138e-14,2.87166271084885e-15
90.990990990991,2.7894570935408e-14,2.79224934288369e-15
91.0910910910911,2.71253004951503e-14,2.71524529480984e-15
91.1911911911912,2.63793046490539e-14,2.64057103594134e-15
91.2912912912913,2.56558172227224e-14,2.56814987214439e-15
91.3913913913914,2.49540992933585e-14,2.49790783717302e-15
91.4914914914915,2.42734381486427e-14,2.42977358845273e-15
91.5915915915916,2.36131462881208e-14,2.36367830711921e-15
91.6916916916917,2.29725604652452e-14,2.29955560212665e-15
91.7917917917918,2.23510407683159e-14,2.23734141824984e-15
91.8918918918919,2.17479697386387e-14,2.17697394781169e-15
91.991991991992,2.11627515242963e-14,2.1183935459756e-15
92.0920920920921,2.05948110680012e-14,2.06154264944957e-15
92.1921921921922,2.00435933275741e-14,2.00636569845587e-15
92.2922922922923,1.9508562527649e-14,1.95280906182673e-15
92.3923923923924,1.89892014412765e-14,1.90082096509275e-15
92.4924924924925,1.84850107001539e-14,1.85035142143683e-15
92.5925925925926,1.79955081322677e-14,1.80135216539216e-15
92.6926926926927,1.75202281257904e-14,1.75377658916821e-15
92.7927927927928,1.70587210181248e-14,1.70757968149397e-15
92.8928928928929,1.66105525090347e-14,1.66271796887235e-15
92.992992992993,1.6175303096858e-14,1.61914945914495e-15
93.0930930930931,1.57525675368283e-14,1.57683358727011e-15
93.1931931931932,1.534195432059e-14,1.53573116322222e-15
93.2932932932933,1.4943085176019e-14,1.49580432192382e-15
93.3933933933934,1.45555945865104e-14,1.45701647512617e-15
93.4934934934935,1.41791293289232e-14,1.41933226515748e-15
93.5935935935936,1.38133480294149e-14,1.38271752046195e-15
93.6936936936937,1.34579207364266e-14,1.34713921285551e-15
93.7937937937938,1.31125285101155e-14,1.31256541642798e-15
93.8938938938939,1.27768630275597e-14,1.27896526802399e-15
93.993993993994,1.24506262030908e-14,1.24630892923832e-15
94.0940940940941,1.21335298231386e-14,1.21456754986373e-15
94.1941941941942,1.1825295194996e-14,1.18371323273234e-15
94.2942942942943,1.15256528089404e-14,1.15371899989394e-15
94.3943943943944,1.12343420131712e-14,1.1245587600772e-15
94.4944944944945,1.09511107010453e-14,1.09620727738191e-15
94.5945945945946,1.06757150101172e-14,1.06864014115288e-15
94.6946946946947,1.04079190325078e-14,1.04183373698776e-15
94.7947947947948,1.01474945361481e-14,1.01576521883364e-15
94.8948948948949,9.89422069646614e-15,9.90412482128744e-16
94.994994994995,9.6478838380971e-15,9.65754137947659e-16
95.0950950950951,9.40827718621986e-15,9.41769488110098e-16
95.1951951951952,9.17520062713943e-15,9.18438501215159e-16
95.2952952952953,8.94846047774674e-15,8.95741789564239e-16
95.3953953953954,8.72786926350808e-15,8.73660586937747e-16
95.4954954954955,8.51324550464647e-15,8.5217672719184e-16
95.5955955955956,8.30441351019472e-15,8.31272623643116e-16
95.6956956956957,8.10120317961046e-15,8.10931249210258e-16
95.7957957957958,7.90344981165925e-15,7.9113611728321e-16
95.8958958958959,7.71099392028053e-15,7.71871263291346e-16
95.995995995996,7.52368105716672e-15,7.53121226943617e-16
96.0960960960961,7.34136164079389e-15,7.34871035114505e-16
96.1961961961962,7.16389079165426e-15,7.17106185350778e-16
96.2962962962963,6.99112817345249e-15,6.99812629975225e-16
96.3963963963964,6.82293784003407e-15,6.82976760764173e-16
96.4964964964965,6.65918808782707e-15,6.66585394176885e-16
96.5965965965966,6.4997513135858e-15,6.50625757115697e-16
96.6966966966967,6.34450387723248e-15,6.35085473196445e-16
96.7967967967968,6.19332596960419e-15,6.1995254950993e-16
96.8968968968969,6.04610148491706e-15,6.05215363855563e-16
96.996996996997,5.90271789776935e-15,5.90862652429366e-16
97.0970970970971,5.76306614451113e-15,5.76883497949063e-16
97.1971971971972,5.62704050881569e-15,5.6326731819977e-16
97.2972972972973,5.49453851129482e-15,5.50003854984467e-16
97.3973973973974,5.36546080300471e-15,5.37083163463936e-16
97.4974974974975,5.23971106269771e-15,5.24495601871643e-16
97.5975975975976,5.1171958976791e-15,5.122318215895e-16
97.6976976976977,4.99782474813427e-15,5.00282757570998e-16
97.7977977977978,4.88150979479752e-15,4.88639619098851e-16
97.8978978978979,4.76816586983732e-15,4.77293880864598e-16
97.997997997998,4.65771037083987e-15,4.66237274358346e-16
98.0980980980981,4.55006317777548e-15,4.55461779557106e-16
98.1981981981982,4.44514657283823e-15,4.44959616900724e-16
98.2982982982983,4.34288516305261e-15,4.34723239544807e-16
98.3983983983984,4.24320580554603e-15,4.24745325880485e-16
98.4984984984985,4.14603753538886e-15,4.15018772311197e-16
98.5985985985986,4.05131149590872e-15,4.0553668627715e-16
98.6986986986987,3.9589608713882e-15,3.96292379518339e-16
98.7987987987988,3.86892082205972e-15,3.8727936156754e-16
98.8988988988989,3.78112842131357e-15,3.78491333464823e-16
98.998998998999,3.69552259503938e-15,3.69922181685624e-16
99.0990990990991,3.61204406302378e-15,3.61565972274654e-16
99.1991991991992,3.53063528232961e-15,3.53416945178139e-16
99.2992992992993,3.45124039258628e-15,3.45469508767396e-16
99.3993993993994,3.37380516312153e-15,3.37718234546701e-16
99.4994994994995,3.29827694186959e-15,3.30157852038998e-16
99.5995995995996,3.22460460599154e-15,3.22783243842998e-16
99.6996996996997,3.15273851414718e-15,3.15589440855574e-16
99.7997997997998,3.08263046035947e-15,3.08571617653601e-16
99.8998998998999,3.01423362941482e-15,3.01725088029512e-16
100,2.94750255374538e-15,2.95045300675213e-16
