"alpha0","beta"
23.4939759036145,-0.98714859437751
21.2449799196787,-0.653012048192771
25.2610441767068,-1.04979919678715
22.5301204819277,-0.600803212851406
23.1726907630522,-0.0787148594377509
23.1726907630522,-0.130923694779116
21.8875502008032,-0.955823293172691
26.706827309237,-1.49879518072289
24.7791164658635,-1.31084337349398
24.6184738955823,-1.15421686746988
24.7791164658635,-0.444176706827309
22.6907630522088,-0.339759036144578
25.421686746988,-1.10200803212851
24.2971887550201,-0.204016064257028
23.1726907630522,-0.924497991967871
21.7269076305221,-0.339759036144578
25.7429718875502,-1.20642570281125
26.5461847389558,-0.475502008032128
27.5100401606426,-0.736546184738956
25.1004016064257,-1.03935742971888
23.1726907630522,-1.40481927710843
25.2610441767068,-0.120481927710843
26.3855421686747,-1.3004016064257
22.3694779116466,-0.621686746987952
23.1726907630522,0.109236947791165
24.9397590361446,-1.09156626506024
23.4939759036145,-1.49879518072289
24.136546184739,-0.85140562248996
24.4578313253012,-1.46746987951807
24.9397590361446,-1.26907630522088
22.6907630522088,-1.48835341365462
22.3694779116466,-1.42570281124498
23.6546184738956,-0.955823293172691
24.136546184739,-1.70763052208835
24.6184738955823,-1.79116465863454
26.706827309237,-0.663453815261044
24.9397590361446,-1.54056224899598
21.7269076305221,-0.287550200803213
23.0120481927711,0.589558232931727
22.6907630522088,-0.976706827309237
27.1887550200803,-1.56144578313253
24.6184738955823,-0.809638554216867
27.0281124497992,-0.00562248995983916
24.2971887550201,-1.04979919678715
25.9036144578313,-1.22730923694779
23.6546184738956,-0.318875502008032
23.8152610441767,-0.475502008032128
26.0642570281125,-1.27951807228916
25.5823293172691,-0.663453815261044
23.4939759036145,-1.31084337349398
19.9598393574297,-0.339759036144578
26.3855421686747,-0.903614457831325
24.9397590361446,-1.33172690763052
23.6546184738956,0.265863453815261
24.6184738955823,-0.98714859437751
26.706827309237,-0.485943775100401
25.2610441767068,-1.41526104417671
24.7791164658635,-1.94779116465863
23.4939759036145,-1.5718875502008
23.4939759036145,-0.861847389558233
24.6184738955823,-1.44658634538153
22.6907630522088,-0.767871485943775
25.2610441767068,-0.381526104417671
26.5461847389558,-1.00803212851406
25.1004016064257,-0.757429718875502
24.4578313253012,-0.204016064257028
23.1726907630522,-0.235341365461847
24.9397590361446,-1.19598393574297
25.7429718875502,-1.27951807228916
24.4578313253012,-1.40481927710843
24.6184738955823,-0.444176706827309
23.6546184738956,-0.997590361445783
26.5461847389558,-1.69718875502008
23.1726907630522,-1.00803212851406
24.9397590361446,-0.903614457831325
23.6546184738956,-1.69718875502008
25.1004016064257,-1.42570281124498
24.136546184739,-1.46746987951807
23.4939759036145,-1.09156626506024
27.1887550200803,-1.55100401606426
23.4939759036145,-0.746987951807229
24.4578313253012,-0.423293172690763
27.6706827309237,-0.98714859437751
27.5100401606426,-0.934939759036144
22.5301204819277,-0.736546184738956
25.421686746988,0.0674698795180726
23.3333333333333,-0.799196787148594
22.3694779116466,-0.767871485943775
26.2248995983936,-0.98714859437751
22.6907630522088,-0.767871485943775
22.85140562249,-0.788755020080321
24.6184738955823,-0.538152610441767
24.9397590361446,-0.642570281124498
23.6546184738956,0.0152610441767069
26.2248995983936,-1.20642570281125
26.706827309237,-1.43614457831325
24.9397590361446,-0.11004016064257
23.6546184738956,-0.590361445783132
23.8152610441767,-1.5718875502008
20.7630522088353,-0.611244979919679
24.9397590361446,-0.778313253012048
23.3333333333333,-1.50923694779116
24.9397590361446,-1.26907630522088
21.7269076305221,-0.517269076305221
23.0120481927711,-0.663453815261044
28.3132530120482,-0.381526104417671
23.3333333333333,-0.350200803212851
26.2248995983936,-1.71807228915663
25.5823293172691,-0.694779116465863
25.2610441767068,-1.5718875502008
25.1004016064257,-1.33172690763052
23.6546184738956,-1.59277108433735
23.0120481927711,-0.24578313253012
26.2248995983936,-1.69718875502008
22.3694779116466,-1.28995983935743
23.1726907630522,-0.934939759036144
27.3493975903614,-0.830522088353414
23.1726907630522,-1.44658634538153
24.6184738955823,-1.42570281124498
24.9397590361446,0.0465863453815261
25.7429718875502,-1.4570281124498
23.8152610441767,-0.924497991967871
25.1004016064257,-0.527710843373494
23.3333333333333,-1.13333333333333
24.7791164658635,-0.966265060240964
25.2610441767068,-0.444176706827309
25.9036144578313,-0.506827309236948
24.9397590361446,-1.20642570281125
23.4939759036145,-0.924497991967871
26.706827309237,-0.861847389558233
24.2971887550201,-0.569477911646586
27.5100401606426,-0.611244979919679
22.85140562249,-1.87469879518072
27.0281124497992,-1.26907630522088
24.2971887550201,-1.20642570281125
21.7269076305221,-0.882730923694779
25.9036144578313,-0.903614457831325
25.7429718875502,-1.7285140562249
26.8674698795181,-1.06024096385542
22.2088353413655,-1.23775100401606
21.0843373493976,-1.42570281124498
25.2610441767068,-1.26907630522088
23.0120481927711,-0.579919678714859
24.9397590361446,-1.10200803212851
21.4056224899598,-0.485943775100401
22.2088353413655,-0.402409638554217
24.4578313253012,-0.642570281124498
23.0120481927711,-0.569477911646586
20.9236947791165,-1.38393574297189
24.2971887550201,-0.214457831325301
25.9036144578313,-0.705220883534136
24.6184738955823,-0.569477911646586
25.2610441767068,-0.861847389558233
25.9036144578313,-1.03935742971888
23.9759036144578,-0.809638554216867
23.8152610441767,-0.809638554216867
25.2610441767068,-1.04979919678715
24.2971887550201,-0.914056224899598
25.421686746988,-0.788755020080321
29.1164658634538,-1.60321285140562
25.1004016064257,0.0152610441767069
23.1726907630522,-1.31084337349398
27.6706827309237,-1.00803212851406
25.7429718875502,-0.496385542168674
24.4578313253012,-0.840963855421687
25.421686746988,-1.23775100401606
25.2610441767068,-0.673895582329317
25.7429718875502,-0.945381526104418
24.9397590361446,-1.96867469879518
25.7429718875502,-1.39437751004016
24.136546184739,-1.15421686746988
22.3694779116466,-0.976706827309237
24.6184738955823,-0.809638554216867
25.2610441767068,-1.47791164658635
22.5301204819277,-0.653012048192771
24.7791164658635,-1.23775100401606
20.9236947791165,-0.381526104417671
25.421686746988,-1.55100401606426
26.2248995983936,-1.59277108433735
23.1726907630522,-1.38393574297189
23.0120481927711,-0.903614457831325
27.5100401606426,-0.653012048192771
26.3855421686747,-0.778313253012048
26.8674698795181,-1.66586345381526
26.2248995983936,-1.15421686746988
24.6184738955823,-0.71566265060241
26.706827309237,-1.48835341365462
26.0642570281125,-0.0265060240963855
23.0120481927711,-1.04979919678715
27.8313253012048,-1.26907630522088
23.3333333333333,-1.41526104417671
24.6184738955823,-1.93734939759036
24.6184738955823,-0.82008032128514
26.8674698795181,-1.38393574297189
23.0120481927711,-1.09156626506024
26.3855421686747,-0.41285140562249
24.6184738955823,-1.07068273092369
23.0120481927711,-0.433734939759036
24.4578313253012,-1.49879518072289
25.7429718875502,-0.976706827309237
26.5461847389558,-0.673895582329317
22.2088353413655,-0.746987951807229
24.9397590361446,-0.329317269076305
26.3855421686747,-0.882730923694779
25.421686746988,-1.21686746987952
22.3694779116466,-0.611244979919679
24.6184738955823,-1.83293172690763
24.136546184739,-0.882730923694779
24.4578313253012,-1.48835341365462
26.5461847389558,-0.903614457831325
25.9036144578313,-0.653012048192771
23.9759036144578,-1.74939759036145
24.9397590361446,-0.955823293172691
26.706827309237,-1.28995983935743
24.2971887550201,-1.11244979919679
24.9397590361446,-1.25863453815261
23.9759036144578,-1.04979919678715
25.7429718875502,-0.266666666666667
24.7791164658635,-0.955823293172691
24.2971887550201,-1.50923694779116
23.6546184738956,0.485140562248996
22.6907630522088,-0.559036144578313
26.706827309237,-0.82008032128514
24.136546184739,0.537349397590362
21.0843373493976,-0.433734939759036
24.9397590361446,-0.465060240963855
22.5301204819277,-0.600803212851406
23.1726907630522,-1.55100401606426
26.3855421686747,-1.81204819277108
27.0281124497992,-0.371084337349397
24.4578313253012,-0.82008032128514
25.5823293172691,-0.224899598393574
21.8875502008032,-0.141365461847389
24.2971887550201,-1.00803212851406
23.6546184738956,0.130120481927711
22.3694779116466,-0.903614457831325
25.5823293172691,0.036144578313253
23.4939759036145,-1.6136546184739
27.1887550200803,-1.03935742971888
22.0481927710843,-1.13333333333333
23.1726907630522,-1.33172690763052
25.9036144578313,-1.37349397590361
23.9759036144578,-1.37349397590361
22.85140562249,-0.914056224899598
23.9759036144578,-1.16465863453815
22.5301204819277,-0.736546184738956
26.5461847389558,-1.37349397590361
23.4939759036145,-1.13333333333333
23.1726907630522,-0.98714859437751
23.1726907630522,-0.893172690763052
23.3333333333333,0.234538152610442
22.85140562249,-1.20642570281125
24.4578313253012,-1.21686746987952
25.7429718875502,-0.266666666666667
26.5461847389558,-1.58232931726908
24.7791164658635,-0.893172690763052
19.7991967871486,-0.736546184738956
22.3694779116466,-1.19598393574297
26.2248995983936,-1.50923694779116
25.7429718875502,-0.54859437751004
25.7429718875502,-0.914056224899598
24.7791164658635,-1.71807228915663
25.421686746988,-1.26907630522088
25.9036144578313,-1.60321285140562
24.136546184739,-0.350200803212851
23.3333333333333,-1.15421686746988
23.0120481927711,-0.694779116465863
25.2610441767068,-0.297991967871486
24.7791164658635,-1.60321285140562
24.4578313253012,-0.809638554216867
25.1004016064257,-0.861847389558233
23.0120481927711,-0.726104417670683
23.4939759036145,0.16144578313253
24.2971887550201,-1.25863453815261
24.4578313253012,-0.872289156626506
22.85140562249,-0.224899598393574
21.2449799196787,-0.569477911646586
24.2971887550201,-1.6136546184739
21.2449799196787,-0.475502008032128
24.6184738955823,-0.308433734939759
22.3694779116466,-0.24578313253012
23.6546184738956,-0.538152610441767
23.8152610441767,-0.506827309236948
22.5301204819277,-0.329317269076305
25.9036144578313,-0.496385542168674
25.1004016064257,-1.13333333333333
21.0843373493976,-1.06024096385542
22.5301204819277,-1.14377510040161
22.85140562249,-0.214457831325301
24.2971887550201,-0.183132530120482
21.2449799196787,-1.22730923694779
22.6907630522088,-0.402409638554217
24.6184738955823,-1.04979919678715
26.2248995983936,-1.1855421686747
24.136546184739,-0.945381526104418
24.7791164658635,-1.32128514056225
23.3333333333333,-0.705220883534136
23.1726907630522,-1.0289156626506
25.421686746988,-1.07068273092369
22.0481927710843,-0.85140562248996
23.3333333333333,-1.35261044176707
25.2610441767068,-1.04979919678715
27.1887550200803,-0.673895582329317
25.2610441767068,0.0674698795180726
24.4578313253012,-1.63453815261044
23.4939759036145,-1.35261044176707
25.5823293172691,-1.03935742971888
25.9036144578313,-0.872289156626506
21.566265060241,-1.54056224899598
23.0120481927711,-0.266666666666667
23.8152610441767,-0.976706827309237
21.0843373493976,-0.767871485943775
25.2610441767068,-1.14377510040161
24.136546184739,-1.55100401606426
24.7791164658635,-0.997590361445783
25.7429718875502,-0.788755020080321
25.2610441767068,-0.120481927710843
23.0120481927711,-1.6136546184739
24.2971887550201,-1.28995983935743
24.9397590361446,-1.20642570281125
23.0120481927711,-1.24819277108434
24.136546184739,-0.611244979919679
22.2088353413655,-0.872289156626506
24.9397590361446,-1.64497991967871
23.9759036144578,-0.976706827309237
27.3493975903614,-1.00803212851406
23.4939759036145,-0.653012048192771
25.2610441767068,-0.799196787148594
23.0120481927711,0.276305220883534
22.2088353413655,-1.56144578313253
23.9759036144578,-0.68433734939759
24.136546184739,0.537349397590362
28.1526104417671,-1.47791164658635
24.2971887550201,-1.33172690763052
22.2088353413655,-0.183132530120482
24.4578313253012,-1.35261044176707
24.7791164658635,-1.10200803212851
22.3694779116466,-1.4570281124498
26.0642570281125,-0.235341365461847
25.1004016064257,-1.3004016064257
27.1887550200803,-1.23775100401606
23.9759036144578,-0.82008032128514
24.136546184739,-1.80160642570281
22.3694779116466,-1.10200803212851
23.6546184738956,-0.120481927710843
24.4578313253012,-1.3004016064257
23.9759036144578,-0.485943775100401
25.1004016064257,-0.204016064257028
25.9036144578313,-0.663453815261044
21.7269076305221,-1.27951807228916
25.1004016064257,-1.3421686746988
26.2248995983936,-0.778313253012048
24.9397590361446,-1.77028112449799
21.4056224899598,-1.06024096385542
25.5823293172691,-0.85140562248996
25.7429718875502,-1.35261044176707
24.7791164658635,-0.736546184738956
25.421686746988,-0.538152610441767
27.6706827309237,-1.63453815261044
23.0120481927711,-1.20642570281125
22.2088353413655,-1.16465863453815
24.6184738955823,-0.767871485943775
22.2088353413655,-0.71566265060241
24.4578313253012,-0.590361445783132
25.1004016064257,-0.00562248995983916
23.8152610441767,0.0570281124497996
25.5823293172691,-0.600803212851406
25.1004016064257,-1.43614457831325
23.3333333333333,-1.14377510040161
23.0120481927711,-0.746987951807229
25.421686746988,-0.736546184738956
21.8875502008032,-0.339759036144578
23.6546184738956,-0.444176706827309
23.3333333333333,0.558232931726908
26.8674698795181,-1.31084337349398
25.421686746988,-1.68674698795181
25.5823293172691,-1.93734939759036
27.1887550200803,-1.65542168674699
23.8152610441767,-0.235341365461847
22.2088353413655,-1.51967871485944
24.136546184739,-1.37349397590361
24.7791164658635,-0.559036144578313
27.0281124497992,-0.444176706827309
20.9236947791165,0.234538152610442
24.6184738955823,-0.799196787148594
24.136546184739,-0.924497991967871
25.5823293172691,-1.42570281124498
24.136546184739,-1.14377510040161
23.4939759036145,0.29718875502008
20.7630522088353,-1.03935742971888
25.9036144578313,-1.09156626506024
25.7429718875502,-0.120481927710843
23.4939759036145,-1.04979919678715
24.9397590361446,-0.527710843373494
24.6184738955823,-0.914056224899598
28.1526104417671,-1.5718875502008
23.4939759036145,-1.32128514056225
25.7429718875502,-1.32128514056225
25.7429718875502,-1.69718875502008
27.1887550200803,-0.569477911646586
26.0642570281125,-1.49879518072289
23.6546184738956,-0.423293172690763
25.9036144578313,-1.3004016064257
23.3333333333333,-1.36305220883534
23.8152610441767,-0.830522088353414
26.5461847389558,-0.381526104417671
23.0120481927711,-1.46746987951807
26.706827309237,-0.496385542168674
22.2088353413655,-0.997590361445783
23.8152610441767,-1.38393574297189
28.7951807228916,-1.1855421686747
25.5823293172691,-0.329317269076305
22.3694779116466,-0.538152610441767
24.6184738955823,-0.621686746987952
25.421686746988,-0.454618473895582
26.8674698795181,-1.8433734939759
25.1004016064257,-1.22730923694779
26.706827309237,-1.8433734939759
21.566265060241,-0.914056224899598
20.281124497992,-0.527710843373494
24.9397590361446,-0.454618473895582
25.5823293172691,-0.611244979919679
23.1726907630522,-1.27951807228916
27.6706827309237,-0.757429718875502
24.4578313253012,-0.746987951807229
26.5461847389558,-0.98714859437751
23.9759036144578,-0.642570281124498
21.7269076305221,-0.24578313253012
23.0120481927711,-0.997590361445783
24.136546184739,-0.318875502008032
25.1004016064257,-1.21686746987952
20.6024096385542,-0.71566265060241
24.7791164658635,-0.653012048192771
23.8152610441767,-1.16465863453815
22.2088353413655,-0.673895582329317
22.3694779116466,-1.14377510040161
24.4578313253012,-0.893172690763052
26.0642570281125,-1.32128514056225
23.3333333333333,-0.653012048192771
25.9036144578313,-1.77028112449799
22.85140562249,-1.25863453815261
24.136546184739,-0.517269076305221
23.8152610441767,-0.98714859437751
26.706827309237,-0.371084337349397
24.136546184739,-1.09156626506024
26.0642570281125,-0.757429718875502
25.7429718875502,-0.632128514056225
26.3855421686747,-1.23775100401606
24.2971887550201,-1.17510040160643
23.6546184738956,-1.26907630522088
21.8875502008032,-1.00803212851406
24.136546184739,-1.37349397590361
23.6546184738956,-1.16465863453815
22.2088353413655,-1.55100401606426
25.9036144578313,-1.03935742971888
23.0120481927711,-0.914056224899598
23.8152610441767,-1.48835341365462
24.136546184739,-0.391967871485944
23.8152610441767,-1.55100401606426
23.9759036144578,-0.224899598393574
24.9397590361446,-0.945381526104418
21.8875502008032,0.02570281124498
26.3855421686747,-1.89558232931727
23.3333333333333,-1.5718875502008
25.421686746988,-0.590361445783132
23.8152610441767,-0.0787148594377509
24.4578313253012,0.391164658634538
26.3855421686747,-0.694779116465863
23.3333333333333,-1.77028112449799
23.8152610441767,0.00481927710843388
23.0120481927711,-1.07068273092369
25.2610441767068,-0.799196787148594
25.9036144578313,-0.475502008032128
25.2610441767068,-1.10200803212851
27.0281124497992,-0.830522088353414
25.1004016064257,-1.13333333333333
23.8152610441767,-0.85140562248996
23.6546184738956,-0.68433734939759
24.136546184739,-1.31084337349398
27.3493975903614,-1.60321285140562
21.566265060241,-0.840963855421687
25.2610441767068,-1.33172690763052
23.1726907630522,-1.13333333333333
25.5823293172691,-1.6136546184739
25.421686746988,-0.287550200803213
22.3694779116466,-1.50923694779116
25.7429718875502,-0.914056224899598
25.2610441767068,0.0152610441767069
24.136546184739,-0.141365461847389
25.7429718875502,-1.40481927710843
26.3855421686747,-0.893172690763052
25.7429718875502,-0.726104417670683
24.9397590361446,-0.41285140562249
26.2248995983936,-1.17510040160643
24.6184738955823,-0.204016064257028
26.5461847389558,-1.09156626506024
23.8152610441767,-1.93734939759036
24.9397590361446,-1.66586345381526
23.4939759036145,-0.329317269076305
26.3855421686747,-0.00562248995983916
26.2248995983936,-0.694779116465863
23.3333333333333,0.119678714859438
24.9397590361446,-1.3421686746988
25.2610441767068,-1.39437751004016
24.9397590361446,-0.82008032128514
26.5461847389558,-0.193574297188755
24.4578313253012,-1.5718875502008
23.8152610441767,-1.01847389558233
22.3694779116466,-1.64497991967871
23.4939759036145,-0.235341365461847
26.3855421686747,-1.8433734939759
25.9036144578313,-0.757429718875502
23.6546184738956,-0.381526104417671
26.2248995983936,-0.976706827309237
27.9919678714859,-1.15421686746988
26.5461847389558,-0.955823293172691
26.706827309237,-1.04979919678715
25.5823293172691,-1.50923694779116
21.7269076305221,-1.1855421686747
25.421686746988,-0.621686746987952
25.9036144578313,-1.5718875502008
24.6184738955823,-1.0289156626506
22.6907630522088,-1.15421686746988
23.6546184738956,-0.997590361445783
25.1004016064257,-1.03935742971888
23.6546184738956,-0.809638554216867
22.2088353413655,-0.68433734939759
27.1887550200803,-1.38393574297189
24.6184738955823,-0.360642570281124
24.2971887550201,-1.93734939759036
21.566265060241,-1.01847389558233
26.0642570281125,-1.40481927710843
24.2971887550201,-1.81204819277108
24.4578313253012,-1.16465863453815
23.8152610441767,-1.23775100401606
22.0481927710843,-0.98714859437751
23.4939759036145,-0.496385542168674
22.5301204819277,-1.40481927710843
24.136546184739,-0.329317269076305
23.8152610441767,-1.71807228915663
22.5301204819277,-0.089156626506024
26.0642570281125,-0.736546184738956
22.85140562249,-0.726104417670683
24.9397590361446,-1.13333333333333
21.8875502008032,-0.872289156626506
26.8674698795181,-1.27951807228916
23.8152610441767,-1.13333333333333
26.8674698795181,-1.70763052208835
23.3333333333333,-0.0265060240963855
22.6907630522088,0.00481927710843388
23.9759036144578,-1.46746987951807
26.8674698795181,-1.47791164658635
21.0843373493976,-0.611244979919679
23.9759036144578,0.00481927710843388
25.1004016064257,-0.778313253012048
27.0281124497992,-0.903614457831325
28.7951807228916,-0.11004016064257
23.8152610441767,-1.35261044176707
22.5301204819277,-0.214457831325301
24.6184738955823,-0.579919678714859
26.706827309237,-1.21686746987952
26.2248995983936,-0.0682730923694779
22.5301204819277,-0.391967871485944
25.5823293172691,-1.43614457831325
23.9759036144578,-0.454618473895582
26.0642570281125,-1.38393574297189
24.4578313253012,-0.903614457831325
23.6546184738956,-0.934939759036144
22.6907630522088,-0.00562248995983916
24.9397590361446,-0.71566265060241
22.0481927710843,-0.861847389558233
26.706827309237,-0.68433734939759
25.1004016064257,-1.56144578313253
24.9397590361446,-0.569477911646586
25.2610441767068,-0.746987951807229
24.2971887550201,-1.55100401606426
25.421686746988,-1.09156626506024
22.3694779116466,0.0674698795180726
25.7429718875502,-1.14377510040161
25.1004016064257,-1.60321285140562
23.8152610441767,-0.214457831325301
22.3694779116466,-1.47791164658635
24.2971887550201,-1.66586345381526
24.2971887550201,-1.59277108433735
23.3333333333333,-0.423293172690763
24.2971887550201,-1.19598393574297
22.85140562249,-0.736546184738956
24.6184738955823,-1.1855421686747
23.0120481927711,-0.861847389558233
24.4578313253012,-0.976706827309237
27.6706827309237,-1.5718875502008
25.1004016064257,-0.663453815261044
24.136546184739,-0.485943775100401
24.7791164658635,-1.28995983935743
25.9036144578313,-0.893172690763052
23.1726907630522,-0.256224899598393
24.4578313253012,-1.51967871485944
25.1004016064257,-0.381526104417671
21.7269076305221,-0.099598393574297
24.4578313253012,-0.726104417670683
22.3694779116466,-1.00803212851406
23.9759036144578,-0.287550200803213
23.6546184738956,-0.0265060240963855
21.8875502008032,-0.0369477911646585
23.4939759036145,-1.62409638554217
26.3855421686747,-0.423293172690763
23.1726907630522,-0.861847389558233
24.2971887550201,-1.41526104417671
22.3694779116466,-1.03935742971888
24.136546184739,-1.44658634538153
20.7630522088353,-0.141365461847389
23.4939759036145,-1.22730923694779
23.9759036144578,-0.663453815261044
25.5823293172691,-1.08112449799197
23.8152610441767,-0.506827309236948
24.4578313253012,-0.235341365461847
24.9397590361446,-1.13333333333333
24.4578313253012,-1.23775100401606
24.9397590361446,-0.955823293172691
24.7791164658635,-1.82248995983936
26.2248995983936,-1.27951807228916
24.2971887550201,-0.966265060240964
24.2971887550201,0.036144578313253
25.421686746988,-0.287550200803213
23.3333333333333,-1.69718875502008
24.7791164658635,-0.527710843373494
24.6184738955823,-0.54859437751004
24.2971887550201,-1.4570281124498
24.6184738955823,-1.47791164658635
22.85140562249,-0.934939759036144
23.9759036144578,-0.903614457831325
22.6907630522088,-0.68433734939759
23.0120481927711,-0.130923694779116
25.421686746988,-1.43614457831325
24.2971887550201,-1.55100401606426
23.6546184738956,-0.663453815261044
25.421686746988,-1.32128514056225
21.0843373493976,-0.162248995983936
22.3694779116466,-0.736546184738956
27.9919678714859,-0.757429718875502
25.1004016064257,-1.17510040160643
24.4578313253012,-1.4570281124498
22.85140562249,-0.559036144578313
21.7269076305221,-1.51967871485944
26.2248995983936,-1.44658634538153
26.3855421686747,0.0987951807228917
24.6184738955823,-1.67630522088353
26.0642570281125,-1.78072289156626
23.6546184738956,-0.934939759036144
25.421686746988,-0.642570281124498
24.136546184739,-1.62409638554217
23.3333333333333,-0.569477911646586
24.4578313253012,-1.17510040160643
25.9036144578313,-1.48835341365462
21.2449799196787,0.506024096385542
24.4578313253012,-1.24819277108434
26.5461847389558,-0.893172690763052
22.85140562249,-0.621686746987952
21.7269076305221,-1.4570281124498
26.0642570281125,-0.767871485943775
25.421686746988,-0.454618473895582
22.5301204819277,-0.402409638554217
23.4939759036145,-0.402409638554217
22.5301204819277,-0.955823293172691
28.7951807228916,-1.82248995983936
22.85140562249,-1.12289156626506
25.9036144578313,-0.099598393574297
25.1004016064257,-1.5718875502008
23.3333333333333,-0.809638554216867
26.2248995983936,-1.66586345381526
24.136546184739,-1.48835341365462
23.8152610441767,-0.861847389558233
25.2610441767068,0.391164658634538
26.8674698795181,-0.266666666666667
27.9919678714859,-0.120481927710843
21.8875502008032,-0.266666666666667
25.9036144578313,-1.36305220883534
22.3694779116466,-0.371084337349397
25.5823293172691,-0.579919678714859
26.0642570281125,-1.12289156626506
25.421686746988,-0.861847389558233
24.9397590361446,-1.55100401606426
22.6907630522088,-0.767871485943775
21.7269076305221,-1.15421686746988
26.0642570281125,-1.43614457831325
27.0281124497992,-1.4570281124498
24.2971887550201,-1.56144578313253
26.3855421686747,-0.799196787148594
22.5301204819277,-1.5718875502008
25.7429718875502,-1.8433734939759
23.9759036144578,-0.882730923694779
25.7429718875502,-1.12289156626506
24.2971887550201,-1.03935742971888
26.5461847389558,-0.809638554216867
24.6184738955823,-0.799196787148594
25.1004016064257,-0.799196787148594
19.1566265060241,-0.0265060240963855
23.6546184738956,-0.569477911646586
24.9397590361446,-1.12289156626506
20.281124497992,0.0883534136546187
26.3855421686747,-1.50923694779116
26.5461847389558,-1.13333333333333
23.3333333333333,-0.736546184738956
23.1726907630522,-0.809638554216867
26.0642570281125,-1.12289156626506
23.0120481927711,-0.214457831325301
26.5461847389558,0.130120481927711
23.3333333333333,-1.17510040160643
24.136546184739,-1.63453815261044
25.7429718875502,-0.98714859437751
24.2971887550201,-0.256224899598393
24.7791164658635,-0.579919678714859
25.5823293172691,-0.371084337349397
24.7791164658635,-1.39437751004016
24.136546184739,-0.788755020080321
22.85140562249,-1.3421686746988
24.9397590361446,-0.757429718875502
24.9397590361446,-0.527710843373494
22.2088353413655,-0.485943775100401
24.9397590361446,-0.579919678714859
23.4939759036145,-1.12289156626506
23.8152610441767,-1.14377510040161
23.9759036144578,-0.454618473895582
23.8152610441767,-0.559036144578313
24.7791164658635,-1.89558232931727
23.1726907630522,-0.423293172690763
26.8674698795181,-1.49879518072289
27.6706827309237,-1.50923694779116
26.3855421686747,-1.19598393574297
25.421686746988,-1.26907630522088
22.0481927710843,-0.506827309236948
20.6024096385542,-0.673895582329317
22.85140562249,-0.224899598393574
26.2248995983936,-0.214457831325301
24.7791164658635,-1.09156626506024
24.136546184739,-0.465060240963855
27.9919678714859,-1.89558232931727
24.2971887550201,-0.778313253012048
24.2971887550201,-0.559036144578313
26.8674698795181,-1.71807228915663
24.6184738955823,-0.663453815261044
24.9397590361446,-1.48835341365462
24.136546184739,-1.67630522088353
25.421686746988,-0.663453815261044
23.0120481927711,-1.19598393574297
24.2971887550201,-0.98714859437751
22.2088353413655,-1.3004016064257
27.3493975903614,-1.31084337349398
24.6184738955823,-1.54056224899598
22.2088353413655,-0.569477911646586
25.7429718875502,-0.089156626506024
22.0481927710843,-0.00562248995983916
24.9397590361446,-1.01847389558233
25.421686746988,-0.934939759036144
27.8313253012048,-0.600803212851406
23.0120481927711,-1.98955823293173
24.2971887550201,-0.454618473895582
27.1887550200803,-0.767871485943775
23.3333333333333,-0.569477911646586
24.136546184739,-0.82008032128514
22.5301204819277,-1.4570281124498
24.136546184739,-1.36305220883534
23.9759036144578,-1.12289156626506
24.6184738955823,-0.778313253012048
21.8875502008032,0.0883534136546187
26.2248995983936,-0.371084337349397
25.421686746988,-1.66586345381526
23.1726907630522,-0.966265060240964
20.7630522088353,-1.09156626506024
27.1887550200803,-1.87469879518072
24.4578313253012,-0.621686746987952
24.136546184739,-0.68433734939759
23.9759036144578,-1.93734939759036
21.4056224899598,-0.934939759036144
23.0120481927711,-0.663453815261044
25.5823293172691,-0.538152610441767
23.0120481927711,-0.517269076305221
21.8875502008032,-1.32128514056225
24.7791164658635,-0.694779116465863
22.3694779116466,-0.903614457831325
26.2248995983936,-0.600803212851406
25.7429718875502,-0.099598393574297
23.6546184738956,-0.621686746987952
25.9036144578313,-1.33172690763052
23.4939759036145,-0.914056224899598
26.2248995983936,-1.07068273092369
24.4578313253012,-0.600803212851406
22.3694779116466,-0.642570281124498
23.9759036144578,-1.14377510040161
24.6184738955823,-0.71566265060241
23.1726907630522,-1.19598393574297
26.5461847389558,-0.224899598393574
23.1726907630522,-0.27710843373494
21.2449799196787,-0.402409638554217
25.5823293172691,-1.35261044176707
25.1004016064257,-1.80160642570281
26.0642570281125,-1.5718875502008
22.0481927710843,-0.694779116465863
23.6546184738956,-0.621686746987952
24.136546184739,-0.559036144578313
24.136546184739,-0.559036144578313
24.136546184739,-0.339759036144578
26.2248995983936,-1.31084337349398
20.9236947791165,-0.433734939759036
25.1004016064257,-1.39437751004016
23.8152610441767,-1.11244979919679
24.7791164658635,-1.11244979919679
22.3694779116466,-0.840963855421687
25.7429718875502,-0.726104417670683
24.6184738955823,-0.433734939759036
21.2449799196787,-0.0578313253012046
25.5823293172691,-1.3421686746988
23.0120481927711,-1.44658634538153
25.5823293172691,-0.788755020080321
24.2971887550201,-1.01847389558233
23.0120481927711,-1.04979919678715
26.5461847389558,-0.788755020080321
22.5301204819277,-1.19598393574297
24.9397590361446,-0.788755020080321
26.8674698795181,-0.955823293172691
22.5301204819277,-0.172690763052209
22.85140562249,-0.746987951807229
23.6546184738956,-0.663453815261044
22.85140562249,-0.872289156626506
25.421686746988,-1.51967871485944
23.0120481927711,-1.00803212851406
25.9036144578313,-0.475502008032128
25.421686746988,-0.840963855421687
24.7791164658635,-1.26907630522088
22.0481927710843,-1.19598393574297
25.2610441767068,-1.01847389558233
25.2610441767068,0.109236947791165
25.7429718875502,-0.882730923694779
24.9397590361446,-0.360642570281124
25.1004016064257,-0.767871485943775
23.9759036144578,-1.23775100401606
26.706827309237,-1.46746987951807
24.7791164658635,-0.381526104417671
24.4578313253012,-0.653012048192771
23.6546184738956,-1.3004016064257
24.136546184739,-0.893172690763052
26.3855421686747,-1.38393574297189
22.6907630522088,-0.600803212851406
23.9759036144578,0.00481927710843388
26.3855421686747,-1.41526104417671
23.1726907630522,-1.14377510040161
24.6184738955823,-0.757429718875502
25.421686746988,-1.17510040160643
26.2248995983936,-0.955823293172691
24.7791164658635,-1.06024096385542
22.2088353413655,-1.04979919678715
24.6184738955823,-0.381526104417671
26.2248995983936,-1.00803212851406
24.7791164658635,-0.955823293172691
21.566265060241,-0.54859437751004
24.7791164658635,-0.579919678714859
27.3493975903614,-1.03935742971888
23.9759036144578,0.036144578313253
26.5461847389558,-0.621686746987952
25.2610441767068,-1.21686746987952
21.4056224899598,-0.757429718875502
27.0281124497992,-0.746987951807229
23.4939759036145,-1.58232931726908
26.8674698795181,-0.726104417670683
24.136546184739,-1.07068273092369
23.3333333333333,-1.03935742971888
25.421686746988,-1.28995983935743
24.6184738955823,-0.54859437751004
22.2088353413655,-0.224899598393574
25.5823293172691,-1.67630522088353
24.2971887550201,-0.82008032128514
27.3493975903614,-0.85140562248996
23.8152610441767,-0.997590361445783
26.8674698795181,-1.13333333333333
22.0481927710843,-1.47791164658635
24.4578313253012,-0.569477911646586
23.9759036144578,-1.67630522088353
23.6546184738956,-0.506827309236948
24.6184738955823,-1.26907630522088
23.3333333333333,-0.120481927710843
25.5823293172691,-1.08112449799197
21.0843373493976,0.036144578313253
27.3493975903614,-0.757429718875502
23.3333333333333,-0.527710843373494
21.8875502008032,-0.00562248995983916
26.5461847389558,-0.621686746987952
25.9036144578313,-0.840963855421687
27.1887550200803,-1.39437751004016
25.5823293172691,-0.54859437751004
25.2610441767068,-0.726104417670683
25.5823293172691,-1.81204819277108
22.3694779116466,-0.454618473895582
23.9759036144578,-0.350200803212851
23.9759036144578,-1.31084337349398
23.9759036144578,-1.24819277108434
24.9397590361446,-1.19598393574297
23.8152610441767,-0.381526104417671
26.0642570281125,-0.924497991967871
21.7269076305221,-1.15421686746988
23.1726907630522,-1.06024096385542
22.6907630522088,0.02570281124498
21.566265060241,-1.15421686746988
22.3694779116466,-0.517269076305221
24.7791164658635,-1.0289156626506
21.4056224899598,-0.966265060240964
25.7429718875502,-1.46746987951807
24.4578313253012,-1.3004016064257
25.1004016064257,-1.42570281124498
24.6184738955823,0.318072289156627
22.6907630522088,-0.98714859437751
23.1726907630522,-1.6136546184739
25.2610441767068,-0.694779116465863
26.2248995983936,-0.297991967871486
23.3333333333333,-1.31084337349398
25.1004016064257,-0.454618473895582
27.5100401606426,-0.872289156626506
24.4578313253012,-1.25863453815261
22.3694779116466,-1.60321285140562
25.7429718875502,-1.94779116465863
21.8875502008032,0.036144578313253
26.706827309237,-1.23775100401606
24.4578313253012,-0.538152610441767
23.0120481927711,-1.01847389558233
23.6546184738956,0.537349397590362
26.2248995983936,-1.11244979919679
24.136546184739,-0.71566265060241
27.0281124497992,-1.44658634538153
24.9397590361446,-1.07068273092369
23.0120481927711,-1.36305220883534
25.421686746988,-1.19598393574297
23.9759036144578,-0.98714859437751
23.6546184738956,-1.21686746987952
26.5461847389558,-0.893172690763052
24.7791164658635,-0.966265060240964
23.0120481927711,-1.1855421686747
24.2971887550201,-1.15421686746988
24.136546184739,-0.621686746987952
23.6546184738956,-0.204016064257028
23.0120481927711,-1.56144578313253
25.2610441767068,-1.40481927710843
24.136546184739,-1.12289156626506
26.706827309237,-1.22730923694779
26.2248995983936,-1.31084337349398
23.4939759036145,-0.85140562248996
27.5100401606426,-1.51967871485944
24.7791164658635,-0.224899598393574
24.136546184739,-0.903614457831325
26.0642570281125,-0.11004016064257
24.7791164658635,-1.1855421686747
23.6546184738956,-0.569477911646586
23.1726907630522,-0.788755020080321
27.6706827309237,-0.82008032128514
24.4578313253012,-0.903614457831325
26.3855421686747,-1.70763052208835
22.2088353413655,-0.736546184738956
23.1726907630522,-0.98714859437751
26.5461847389558,-1.73895582329317
23.8152610441767,-0.903614457831325
23.1726907630522,-1.22730923694779
21.7269076305221,-0.506827309236948
25.1004016064257,-1.1855421686747
24.6184738955823,-1.25863453815261
23.8152610441767,-1.16465863453815
22.5301204819277,-0.757429718875502
24.4578313253012,-0.204016064257028
24.136546184739,-0.757429718875502
26.5461847389558,-0.579919678714859
24.7791164658635,-0.538152610441767
24.6184738955823,0.255421686746988
26.706827309237,-1.14377510040161
24.136546184739,-0.914056224899598
24.6184738955823,-0.736546184738956
27.8313253012048,-1.48835341365462
24.136546184739,-0.809638554216867
25.5823293172691,-0.611244979919679
27.5100401606426,-0.705220883534136
24.9397590361446,-0.579919678714859
22.0481927710843,-0.872289156626506
23.6546184738956,-0.11004016064257
23.9759036144578,-1.64497991967871
23.0120481927711,-0.339759036144578
24.7791164658635,-0.767871485943775
26.5461847389558,-1.26907630522088
24.7791164658635,-0.224899598393574
24.4578313253012,-1.31084337349398
26.8674698795181,-0.976706827309237
23.4939759036145,-0.694779116465863
25.7429718875502,-0.0578313253012046
25.1004016064257,-1.79116465863454
24.7791164658635,-0.955823293172691
20.6024096385542,0.359839357429719
26.0642570281125,-1.0289156626506
22.6907630522088,-0.726104417670683
23.3333333333333,-1.09156626506024
24.6184738955823,-1.54056224899598
24.136546184739,-1.15421686746988
23.1726907630522,-0.339759036144578
24.9397590361446,-0.85140562248996
25.421686746988,-1.73895582329317
24.136546184739,-1.25863453815261
