"year","lambda","y_star"
1986,17.5710843373494,18
1986,17.3269076305221,26
1986,18.9622489959839,13
1986,18.9253012048193,17
1986,22.7004016064257,16
1986,22.3871485943775,16
1986,16.1526104417671,29
1986,17.7140562248996,14
1986,16.9140562248996,14
1986,17.6931726907631,19
1986,22.1140562248996,26
1986,20.6522088353414,16
1986,18.8096385542169,18
1986,23.0730923694779,23
1986,17.625702811245,14
1986,19.6883534136546,22
1986,18.5044176706827,14
1986,23.6931726907631,25
1986,23.0907630522088,30
1986,18.8642570281124,23
1986,14.7437751004016,12
1986,24.5381526104418,24
1986,18.5831325301205,18
1986,18.6393574297189,16
1986,23.8281124497992,21
1986,18.3903614457831,20
1986,14.5012048192771,13
1986,19.0281124497992,18
1986,15.6530120481928,18
1986,17.3253012048193,12
1986,13.7606425702811,14
1986,13.8152610441767,8
1986,17.9196787148594,19
1986,13.8907630522088,15
1986,13.8714859437751,17
1986,22.7261044176707,15
1986,15.6963855421687,20
1986,20.0016064257028,25
1986,26.5493975903614,25
1986,16.8305220883534,26
1986,17.8200803212851,25
1986,19.7606425702811,15
1986,26.9943775100402,22
1986,17.9983935742972,10
1986,18.5397590361446,24
1986,21.7413654618474,25
1986,20.9622489959839,15
1986,18.3871485943775,22
1986,21.6016064257028,34
1986,15.6289156626506,10
1986,17.9212851405623,11
1986,20.9638554216867,22
1986,16.9493975903614,16
1986,25.2497991967872,25
1986,18.6955823293173,5
1986,23.7911646586345,23
1986,16.7694779116466,19
1986,13.0923694779116,18
1986,14.0626506024096,16
1986,18.3228915662651,17
1986,15.9389558232932,20
1986,18.0835341365462,14
1986,22.9718875502008,18
1986,20.4979919678715,24
1986,20.5558232931727,25
1986,23.233734939759,18
1986,21.7606425702811,21
1986,17.7638554216867,19
1986,18.0658634538153,19
1986,16.0289156626506,19
1986,21.9534136546185,21
1986,17.6690763052209,15
1986,16.3630522088353,15
1986,17.1244979919679,18
1986,19.5180722891566,23
1986,13.4714859437751,17
1986,16.5461847389558,15
1986,15.3317269076305,9
1986,16.944578313253,18
1986,17.8827309236948,12
1986,19.0120481927711,19
1986,21.9180722891566,24
1986,21.7477911646586,28
1986,21.9004016064257,21
1986,18.110843373494,14
1986,25.8265060240964,35
1986,18.5381526104418,22
1986,17.7622489959839,13
1986,20.3020080321285,18
1986,18.0835341365462,20
1986,18.118875502008,24
1986,21.3895582329317,20
1986,21.0843373493976,22
1986,23.7461847389558,17
1986,18.9863453815261,18
1986,18.0899598393574,21
1986,24.2795180722892,25
1986,20.1124497991968,19
1986,14.3839357429719,12
1986,17.0955823293173,17
1986,20.2698795180723,17
1986,14.2779116465863,15
1986,17.3253012048193,15
1986,18.6232931726908,19
1986,19.0313253012048,21
1986,26.0240963855422,30
1986,21.2321285140562,20
1986,15.9164658634538,16
1986,21.4136546184739,24
1986,15.829718875502,15
1986,17.1100401606426,16
1986,14.0979919678715,12
1986,21.5373493975904,14
1986,16.0417670682731,21
1986,14.629718875502,13
1986,17.5630522088353,28
1986,22.366265060241,24
1986,14.4931726907631,15
1986,16.0642570281125,16
1986,25.2192771084337,21
1986,17.0008032128514,17
1986,18.2682730923695,17
1986,21.9341365461847,25
1986,16.5333333333333,22
1986,18.9815261044177,16
1986,22.595983935743,29
1986,22.8626506024096,11
1986,17.7012048192771,26
1986,17.9469879518072,14
1986,21.5357429718876,23
1986,20.8803212851406,10
1986,23.8425702811245,28
1986,11.6032128514056,9
1986,19.4136546184739,10
1986,17.0586345381526,21
1986,16.4305220883534,15
1986,20.4819277108434,20
1986,15.3718875502008,15
1986,20.5060240963855,15
1986,14.7823293172691,20
1986,12.5301204819277,12
1986,17.6465863453815,14
1986,19.5325301204819,23
1986,18.3277108433735,16
1986,18.4899598393574,23
1986,19.7943775100402,17
1986,20.6024096385542,31
1986,19.5951807228916,24
1986,12.6200803212851,11
1986,23.0104417670683,21
1986,21.6722891566265,25
1986,21.2016064257028,27
1986,20.0899598393574,11
1986,19.6674698795181,18
1986,19.1180722891566,19
1986,18.9574297188755,15
1986,18.9622489959839,19
1986,18.8128514056225,18
1986,20.689156626506,14
1986,19.4971887550201,13
1986,25.1919678714859,23
1986,15.3076305220884,13
1986,21.6224899598394,24
1986,22.7646586345382,14
1986,19.4120481927711,18
1986,17.9951807228916,19
1986,21.2176706827309,22
1986,20.0706827309237,20
1986,13.1277108433735,15
1986,17.3767068273092,13
1986,17.2112449799197,12
1986,16.5092369477912,19
1986,19.7606425702811,24
1986,16.3935742971888,13
1986,18.6120481927711,19
1986,17.3526104417671,17
1986,18.6345381526104,9
1986,16.1156626506024,14
1986,16.6682730923695,16
1986,14.8690763052209,12
1986,17.5903614457831,20
1986,23.5919678714859,24
1986,21.7156626506024,20
1986,16.8722891566265,17
1986,19.2995983935743,13
1986,20.3244979919679,17
1986,17.7767068273092,13
1986,25.9052208835341,25
1986,16.7132530120482,18
1986,20.2168674698795,14
1986,14.8417670682731,10
1986,12.9943775100402,13
1986,19.6979919678715,24
1986,18.5638554216867,22
1986,16.4626506024096,20
1986,23.9084337349398,37
1986,18.1943775100402,15
1986,20.4096385542169,21
1986,15.4650602409639,13
1986,19.8827309236948,18
1986,22.5028112449799,18
1986,17.7269076305221,18
1986,22.9638554216867,23
1986,21.089156626506,21
1986,18.1204819277108,20
1986,18.7020080321285,18
1986,13.6208835341365,7
1986,18.8401606425703,19
1986,15.5277108433735,10
1986,21.1244979919679,20
1986,21.9855421686747,27
1986,13.4795180722892,13
1986,19.2048192771084,16
1986,18.9670682730924,16
1986,17.6224899598394,16
1986,17.3879518072289,13
1986,17.6771084337349,25
1986,24.1429718875502,15
1986,19.0441767068273,24
1986,15.2417670682731,21
1986,26.5654618473896,29
1986,19.336546184739,17
1986,21.7863453815261,25
1986,27.3606425702811,26
1986,18.4819277108434,18
1986,22.1493975903614,22
1986,18.9253012048193,18
1986,13.8666666666667,12
1986,15.5132530120482,14
1986,24.8016064257028,19
1986,19.5373493975904,15
1986,24.2329317269076,22
1986,21.0393574297189,23
1986,18.2489959839357,18
1986,24.4353413654618,22
1986,16.9477911646586,16
1986,25.7991967871486,23
1986,13.8120481927711,10
1986,20.9526104417671,15
1986,15.2481927710843,14
1986,15.1823293172691,11
1986,17.6626506024096,18
1986,15.7349397590361,15
1986,17.3670682730924,13
1986,16.9879518072289,18
1986,18.110843373494,20
1986,18.3052208835341,14
1986,16.6939759036145,14
1986,17.2497991967872,12
1986,17.8136546184739,17
1986,24.740562248996,26
1986,15.6128514056225,16
1986,17.1566265060241,10
1986,24.1429718875502,29
1986,17.0522088353414,20
1986,19.4200803212851,13
1986,15.3799196787149,13
1986,15.1935742971888,12
1986,17.1694779116466,22
1986,22.45140562249,22
1986,20.2586345381526,22
1986,14.4706827309237,13
1986,17.8072289156627,16
1986,16.2843373493976,21
1986,22.0353413654618,29
1986,16.4080321285141,22
1986,18.8433734939759,21
1986,23.4730923694779,27
1986,15.1598393574297,17
1986,19.6,16
1986,19.9293172690763,24
1986,18.655421686747,16
1986,24.4626506024096,20
1986,16.7453815261044,19
1986,19.2240963855422,22
1986,21.5020080321285,22
1986,17.8281124497992,23
1986,14.6152610441767,17
1986,18.3919678714859,25
1986,22.7678714859438,33
1986,20.8947791164659,24
1986,20.425702811245,21
1986,20.774297188755,23
1986,20.5542168674699,22
1986,22.9253012048193,29
1986,18.3004016064257,22
1986,14.7228915662651,14
1986,15.6674698795181,14
1986,21.5646586345382,14
1986,23.1983935742972,21
1986,13.881124497992,17
1986,20.2763052208835,21
1986,18.3196787148594,20
1986,19.1116465863454,21
1986,18.4642570281124,14
1986,16.85140562249,13
1986,19.1020080321285,21
1986,16.9991967871486,20
1986,18.9975903614458,19
1986,16.9397590361446,18
1986,15.2176706827309,16
1986,18.9622489959839,19
1986,23.1453815261044,17
1986,25.6658634538153,24
1986,14.6506024096386,15
1986,15.378313253012,16
1986,19.3461847389558,12
1986,20.6698795180723,23
1986,12.3228915662651,13
1986,21.4120481927711,15
1986,17.9550200803213,17
1986,16.4771084337349,25
1986,18.3983935742972,24
1986,14.8305220883534,17
1986,18.7935742971888,17
1986,21.0104417670683,20
1986,24.5381526104418,23
1986,13.3301204819277,17
1986,16.5574297188755,12
1986,17.7012048192771,10
1986,15.5228915662651,12
1986,20.4690763052209,22
1986,16.9751004016064,10
1986,15.0698795180723,11
1986,18.1156626506024,15
1986,21.3012048192771,21
1986,19.5759036144578,24
1986,20.4658634538153,23
1986,24.6698795180723,39
1986,12.8401606425703,8
1986,19.8698795180723,20
1986,27.3606425702811,21
1986,19.285140562249,21
1986,16.3068273092369,17
1986,21.1100401606426,18
1986,16.3421686746988,15
1986,18.1670682730924,17
1986,13.6273092369478,14
1986,24.6522088353414,29
1986,17.2979919678715,12
1986,19.7622489959839,15
1986,19.055421686747,23
1986,13.3269076305221,14
1986,15.7574297188755,16
1986,22.9317269076305,30
1986,16.655421686747,14
1986,21.0602409638554,20
1986,23.8763052208835,22
1986,21.9228915662651,33
1986,14.0497991967871,11
1986,17.0473895582329,14
1986,21.5550200803213,17
1986,14.3180722891566,15
1986,15.0441767068273,16
1986,20.4738955823293,16
1986,17.6273092369478,22
1986,20.3598393574297,20
1986,22.1927710843374,30
1986,17.863453815261,15
1986,15.7734939759036,19
1986,15.2208835341365,17
1986,20.0112449799197,25
1986,17.914859437751,22
1986,20.9156626506024,20
1986,25.0666666666667,30
1986,24.1574297188755,23
1986,21.9775100401606,22
1986,16.4835341365462,13
1986,16.4706827309237,15
1986,18.5301204819277,21
1986,21.0024096385542,12
1986,19.8489959839357,20
1986,20.9895582329317,26
1986,26.6827309236948,28
1986,19.0024096385542,16
1986,15.3012048192771,11
1986,13.9582329317269,16
1986,17.2562248995984,16
1986,22.4032128514056,30
1986,13.0907630522088,9
1986,15.8955823293173,13
1986,21.4248995983936,18
1986,24.3630522088353,24
1986,22.3309236947791,20
1986,19.8232931726908,23
1986,18.5895582329317,15
1986,17.0281124497992,21
1986,17.2738955823293,16
1986,25.2771084337349,22
1986,14.5269076305221,12
1986,19.3542168674699,17
1986,25.0200803212851,26
1986,17.1951807228916,16
1986,21.7734939759036,32
1986,19.1341365461847,20
1986,18.7212851405622,22
1986,15.566265060241,11
1986,17.8152610441767,21
1986,15.5598393574297,15
1986,23.7718875502008,23
1986,17.0714859437751,20
1986,21.114859437751,21
1986,18.1012048192771,22
1986,15.1550200803213,15
1986,18.8321285140562,24
1986,24.2570281124498,15
1986,14.2072289156626,25
1986,23.7285140562249,33
1986,16.2232931726908,16
1986,15.5116465863454,18
1986,21.6819277108434,23
1986,23.6064257028112,19
1986,19.140562248996,24
1986,20.8883534136546,26
1986,22.6939759036145,22
1986,15.8072289156626,17
1986,17.736546184739,19
1986,15.6465863453815,16
1986,16.0819277108434,18
1986,17.114859437751,20
1986,22.2120481927711,24
1986,21.914859437751,16
1986,15.4955823293173,15
1986,23.1261044176707,25
1986,19.9759036144578,22
1986,20.6232931726908,15
1986,20.1204819277108,19
1986,20.2522088353414,21
1986,17.0265060240964,13
1986,22.2232931726908,22
1986,17.7991967871486,17
1986,16.3084337349398,21
1986,20.8610441767068,25
1986,16.8273092369478,12
1986,18.1654618473896,12
1986,15.5068273092369,12
1986,19.0987951807229,24
1986,18.136546184739,24
1986,19.4152610441767,24
1986,15.2819277108434,19
1986,15.2995983935743,12
1986,21.0329317269076,24
1986,17.8923694779117,18
1986,24.4803212851406,19
1986,17.5871485943775,23
1986,21.5196787148594,14
1986,21.9502008032129,22
1986,18.9590361445783,22
1986,17.2465863453815,21
1986,16.0401606425703,10
1986,15.8393574297189,18
1986,15.8955823293173,23
1986,16.6666666666667,16
1986,12.9028112449799,16
1986,19.6674698795181,19
1986,17.5277108433735,19
1986,14.885140562249,9
1986,21.7847389558233,31
1986,14.5092369477912,21
1986,22.6265060240964,20
1986,19.2674698795181,21
1986,22.0417670682731,15
1986,15.0120481927711,7
1986,13.9020080321285,9
1986,21.8795180722892,28
1986,23.3429718875502,14
1986,26.8048192771084,26
1986,22.2168674698795,20
1986,12.7116465863454,13
1986,23.8441767068273,22
1986,16.5879518072289,18
1986,20.4658634538153,21
1986,23.0506024096386,28
1986,18.6489959839357,23
1986,22.0449799196787,20
1986,18.3004016064257,13
1986,18.706827309237,10
1986,19.54859437751,19
1986,16.2714859437751,13
1986,17.7301204819277,18
1986,16.5204819277108,17
1986,17.2706827309237,25
1986,16.3726907630522,15
1986,15.9004016064257,26
1986,23.6963855421687,22
1986,13.3140562248996,10
1986,20.2586345381526,22
1986,25.3526104417671,26
1986,23.2883534136546,20
1986,17.3140562248996,11
1986,21.0265060240964,19
1986,21.3863453815261,25
1986,22.4626506024096,14
1986,19.174297188755,26
1986,23.3943775100402,31
1986,19.9967871485944,26
1986,12.1911646586345,10
1986,14.944578313253,14
1986,21.5180722891566,20
1986,26.3518072289157,24
1986,22.0562248995984,34
1986,24.05140562249,30
1986,16.8867469879518,15
1986,16.8947791164659,15
1986,20.0192771084337,18
1986,25.3847389558233,33
1986,15.0265060240964,10
1986,17.7044176706827,16
1986,12.4995983935743,11
1986,22.0819277108434,30
1986,15.3253012048193,17
1986,21.3590361445783,21
1986,21.3654618473896,10
1986,20.3646586345382,12
1986,21.0666666666667,17
1986,20.8112449799197,28
1986,20.4080321285141,25
1986,16.5269076305221,15
1986,14.6136546184739,16
1986,21.6915662650602,18
1986,16.4722891566265,19
1986,18.4449799196787,22
1986,15.7654618473896,16
1986,17.6690763052209,19
1986,18.8642570281124,15
1986,18.7967871485944,19
1986,18.1028112449799,13
1986,18.885140562249,16
1986,22.4546184738956,15
1986,12.6730923694779,15
1986,15.455421686747,12
1986,17.6353413654618,19
1986,13.4248995983936,19
1986,17.4698795180723,22
1986,16.3887550200803,16
1986,16.1253012048193,16
1986,20.5156626506024,21
1986,14.1012048192771,6
1986,22.1606425702811,24
1986,13.506827309237,15
1986,21.9951807228916,23
1986,21.6449799196787,30
1986,18.4947791164659,18
1986,18.1397590361446,15
1986,16.6538152610442,20
1986,19.1903614457831,17
1986,17.0152610441767,23
1986,16.621686746988,16
1986,23.174297188755,27
1986,22.7196787148594,13
1986,15.1710843373494,15
1986,18,17
1986,17.4168674698795,22
1986,24.0048192771084,20
1986,20.4305220883534,18
1986,21.6064257028112,23
1986,28.1349397590361,32
1986,15.6995983935743,13
1986,21.2433734939759,27
1986,21.1389558232932,18
1986,19.4056224899598,26
1986,25.8152610441767,25
1986,20.178313253012,23
1986,16.9654618473896,18
1986,21.2481927710843,22
1986,17.7606425702811,21
1986,19.0361445783133,17
1986,18.0449799196787,11
1986,22.6570281124498,21
1986,20.6457831325301,12
1986,16.8771084337349,20
1986,22.6008032128514,24
1986,15.7317269076305,12
1986,21.5228915662651,18
1986,20.7791164658635,24
1986,14.9911646586345,18
1986,18.8722891566265,15
1986,22.774297188755,27
1986,18.8803212851406,20
1986,15.481124497992,12
1986,22.5285140562249,24
1986,13.5020080321285,15
1986,14.3020080321285,21
1986,14.740562248996,11
1986,20.7935742971888,28
1986,17.1212851405623,20
1986,18.4321285140562,18
1986,17.5052208835341,15
1986,17.8409638554217,16
1986,18.5975903614458,20
1986,18.2393574297189,17
1986,21.1196787148594,19
1986,21.2208835341365,18
1986,17.0393574297189,25
1986,20.544578313253,25
1986,21.6353413654618,20
1986,15.3397590361446,16
1986,22.8112449799197,23
1986,21.1293172690763,25
1986,20.1012048192771,13
1986,16.3212851405622,19
1986,22.2506024096386,30
1986,23.4955823293173,21
1986,21.6658634538153,31
1986,13.7493975903614,14
1986,23.8457831325301,21
1986,18.0016064257028,11
1986,15.8056224899598,17
1986,16.1333333333333,15
1986,15.4570281124498,19
1986,19.914859437751,23
1986,16.1301204819277,18
1986,19.9951807228916,19
1986,19.0955823293173,14
1986,20.774297188755,26
1986,23.0457831325301,35
1986,18.1397590361446,15
1986,17.0313253012048,24
1986,19.2048192771084,25
1986,13.8441767068273,13
1986,18.5477911646586,15
1986,18.4995983935743,18
1986,24.5140562248996,30
1986,23.6963855421687,25
1986,13.1502008032129,8
1986,21.6128514056225,20
1986,21.3269076305221,18
1986,15.5550200803213,11
1986,15.7510040160643,18
1986,17.2417670682731,19
1986,18.5542168674699,26
1986,18.5847389558233,14
1986,22.2265060240964,19
1986,16.8048192771084,13
1986,14.9911646586345,19
1986,19.6738955823293,14
1986,17.4939759036145,16
1986,20.110843373494,21
1986,17.9502008032128,16
1986,23.4473895582329,25
1986,18.0497991967871,24
1986,15.7156626506024,16
1986,19.4971887550201,18
1986,12.6088353413655,19
1986,17.5453815261044,18
1986,26.978313253012,24
1986,14.5606425702811,16
1986,15.3799196787149,17
1986,18.0449799196787,13
1986,21.566265060241,26
1986,14.3919678714859,13
1986,19.9164658634538,11
1986,17.4072289156627,19
1986,16.9734939759036,11
1986,24.281124497992,23
1986,16.9686746987952,16
1986,21.1871485943775,19
1986,19.1212851405623,19
1986,12.9847389558233,8
1986,21.4570281124498,20
1986,22.6939759036145,29
1986,20.1156626506024,21
1986,21.0795180722892,20
1986,16.7951807228916,21
1986,17.8602409638554,22
1986,16.1140562248996,15
1986,25.3060240963855,23
1986,15.6690763052209,16
1986,18.4755020080321,17
1986,16.229718875502,9
1986,15.2064257028112,15
1986,18.6441767068273,18
1986,27.6080321285141,30
1986,25.2674698795181,28
1986,27.2690763052209,27
1986,20.2875502008032,19
1986,17.7253012048193,16
1986,20.1429718875502,12
1986,22.1028112449799,15
1986,19.3269076305221,11
1986,20.2506024096386,19
1986,15.633734939759,17
1986,18.0835341365462,22
1986,14.8016064257028,18
1986,17.4473895582329,12
1986,18.2859437751004,15
1986,14.9285140562249,19
1986,21.5903614457831,21
1986,13.0987951807229,17
1986,14.6827309236948,22
1986,18.6795180722892,17
1986,19.0056224899598,26
1986,18.0610441767068,22
1986,21.6883534136546,33
1986,19.8232931726908,9
1986,20.3052208835341,13
1986,18.9975903614458,16
1986,20.2377510040161,24
1986,18.2024096385542,30
1986,20.8112449799197,23
1986,17.3301204819277,13
1986,19.7461847389558,19
1986,18.9140562248996,18
1986,18.314859437751,21
1986,19.3269076305221,21
1986,21.7253012048193,20
1986,27.3269076305221,31
1986,16.2827309236948,17
1986,14.3293172690763,11
1986,19.8200803212851,22
1986,22.7598393574297,22
1986,21.2995983935743,23
1986,23.3558232931727,24
1986,16.4128514056225,18
1986,19.404016064257,15
1986,14.7983935742972,23
1986,20.3951807228916,22
1986,21.7734939759036,19
1986,19.293172690763,22
1986,21.4602409638554,13
1986,16.7566265060241,13
1986,16.9526104417671,14
1986,21.2481927710843,14
1986,20.4610441767068,19
1986,13.4056224899598,17
1986,20.6329317269076,17
1986,17.8746987951807,16
1986,18.6152610441767,17
1986,19.2096385542169,13
1986,17.8072289156627,18
1986,19.0072289156627,16
1986,16.5590361445783,15
1986,21.5020080321285,20
1986,24.9381526104418,27
1986,18.229718875502,17
1986,21.3461847389558,16
1986,16.6184738955823,17
1986,19.6273092369478,16
1986,20.9429718875502,28
1986,16.5590361445783,18
1986,20.6377510040161,14
1986,16.0096385542169,19
1986,14.0787148594377,10
1986,21.4409638554217,15
1986,15.8361445783133,12
1986,18.374297188755,15
1986,14.4064257028112,12
1986,19.4843373493976,14
1986,15.3751004016064,15
1986,18.7919678714859,22
1986,25.2080321285141,23
1986,22.0144578313253,16
1986,18.8289156626506,16
1986,19.8120481927711,13
1986,24.2265060240964,28
1986,11.0746987951807,9
1986,21.5694779116466,19
1986,22.5815261044177,23
1986,19.9164658634538,18
1986,19.2160642570281,18
1986,13.7879518072289,22
1986,15.9582329317269,12
1986,17.2385542168675,17
1986,19.94859437751,14
1986,22.4176706827309,25
1986,23.9983935742972,27
1986,15.4265060240964,17
1986,17.3751004016064,15
1986,14.2136546184739,18
1986,15.940562248996,14
1986,20.7277108433735,17
1986,20.0305220883534,20
1986,12.3518072289157,5
1986,15.795983935743,15
1986,19.0313253012048,18
1986,22.3534136546185,24
1986,19.9084337349398,26
1986,13.9598393574297,17
1986,20.6104417670683,19
1986,16.9477911646586,14
1986,22.6200803212851,26
1986,25.1453815261044,26
1986,19.9244979919679,26
1986,17.9132530120482,14
1986,18.0096385542169,18
1986,19.8008032128514,21
1986,20.8530120481928,33
1986,18.5140562248996,22
1986,17.1132530120482,23
1986,20.3244979919679,24
1986,15.9967871485944,16
1986,25.1967871485944,35
1986,21.5100401606426,15
1986,18.8305220883534,22
1986,17.4666666666667,23
1986,14.2907630522088,19
1986,16.6329317269076,11
1986,17.8795180722892,21
1986,19.9244979919679,19
1986,20.7823293172691,23
1986,20.7823293172691,14
1986,22.0979919678715,27
1986,18.3598393574297,24
1986,18.3212851405622,20
1986,16.7341365461847,17
1986,17.140562248996,18
1986,18.1044176706827,20
1986,17.3236947791165,18
1986,21.3863453815261,18
1986,22.0160642570281,18
1986,20.8979919678715,16
1986,17.5293172690763,22
1986,14.3325301204819,13
1986,20.8497991967872,17
1986,18.1863453815261,21
1986,16.7132530120482,20
1986,21.8136546184739,18
1986,15.3542168674699,24
1986,20.2072289156627,28
1986,21.1325301204819,19
1986,21.4939759036145,19
1986,18.3694779116466,19
1986,19.6738955823293,20
1986,17.6176706827309,16
1986,16.3036144578313,14
1986,16.9638554216867,11
1986,23.0506024096386,14
1986,20.3759036144578,21
1986,17.1646586345382,23
1986,14.8722891566265,16
1986,19.1502008032128,20
1986,25.9164658634538,38
1986,20.4465863453815,13
1986,22.7759036144578,13
1986,20.4931726907631,21
1986,16.5493975903614,14
1986,17.9020080321285,17
1986,22.4899598393574,25
1986,20.5397590361446,16
1986,15.8522088353414,19
1986,18.7775100401606,19
1986,18.0819277108434,21
1986,19.0859437751004,18
1986,24.0048192771084,23
1986,17.8939759036145,24
1986,16.3100401606426,13
1986,20.0738955823293,14
1986,18.3710843373494,23
1986,20.4899598393574,14
1986,18.4176706827309,16
1986,15.9100401606426,24
1986,22.3293172690763,30
1986,20.1767068273092,22
1986,19.0441767068273,20
1986,18.2746987951807,34
1986,21.2995983935743,24
1986,21.1132530120482,18
1986,24.1927710843373,29
1986,22.8160642570281,23
1986,17.9598393574297,17
1986,16.8610441767068,28
1986,22.5461847389558,19
1986,14,16
1986,22.510843373494,18
1986,17.7124497991968,18
1986,17.0971887550201,15
1986,17.6819277108434,17
1986,21.3269076305221,17
1986,20.859437751004,19
1986,15.5244979919679,13
1986,19.3767068273092,18
1986,22.2409638554217,21
1986,17.829718875502,10
1986,20.0674698795181,22
1986,13.1807228915663,16
1986,21.0409638554217,19
1986,13.9180722891566,11
1986,20.6136546184739,16
1986,17.004016064257,16
1986,22.6104417670683,20
1986,19.0955823293173,22
1986,21.3012048192771,30
1986,22.8048192771084,22
1986,20.1670682730924,17
1986,21.8538152610442,16
1986,22.8160642570281,20
1986,20.8578313253012,19
1986,18.8224899598394,25
1986,22.2907630522088,22
1986,20.9044176706827,18
1986,14.7100401606426,9
1986,19.6417670682731,13
1986,21.8746987951807,19
1986,16.110843373494,13
1986,16.4867469879518,13
1986,17.7638554216867,14
1986,21.5261044176707,17
1986,20.5172690763052,21
1986,14.8016064257028,12
1986,16.8112449799197,14
1986,22.8449799196787,28
1986,14.6409638554217,14
1986,19.2658634538153,19
1986,18.6056224899598,20
1986,15.6080321285141,10
1986,16.9381526104418,11
1986,16.655421686747,18
1986,16.5461847389558,15
1986,26.5269076305221,31
1986,16.7678714859438,18
1986,13.4907630522088,11
1986,21.0923694779116,23
1986,24.4369477911647,21
1986,15.4682730923695,13
1986,22.3726907630522,20
1986,22.2763052208835,15
1986,16.9060240963855,13
1986,12.7502008032128,9
1986,14.0562248995984,18
1986,22.1044176706827,22
1986,19.2803212851406,16
1986,21.2289156626506,32
1986,16.9012048192771,18
1986,26.8787148594378,36
1986,19.5502008032128,28
1986,19.8425702811245,19
1986,18.34859437751,9
1986,18.5156626506024,19
1986,14.833734939759,12
1986,18.2457831325301,18
1986,18.0530120481928,13
1986,16.3534136546185,20
1986,21.1871485943775,35
1986,18.9815261044177,22
1986,15.8987951807229,10
1986,17.3718875502008,15
1986,20.4064257028112,34
1986,22.4305220883534,20
1986,13.6433734939759,18
1986,16.8321285140562,17
1986,17.3991967871486,15
1986,19.3429718875502,17
1986,18.3598393574297,18
1986,18.3855421686747,27
1986,18.3919678714859,15
1986,23.429718875502,29
1986,18.714859437751,20
1986,25.404016064257,23
1986,17.6658634538153,12
1986,20.2377510040161,18
1986,18.4401606425703,17
1986,22.7502008032129,22
1986,19.0361445783133,17
1986,16.1397590361446,17
1986,17.7895582329317,24
1986,17.2497991967872,21
1986,16.1124497991968,14
1986,18.3935742971888,21
1986,15.8088353413655,15
1986,18.6859437751004,29
1986,17.9871485943775,21
1986,17.0666666666667,12
1986,16.8273092369478,21
1986,17.9855421686747,19
1986,23.233734939759,26
1986,19.5919678714859,26
1986,23.0666666666667,23
1986,21.5502008032129,27
1986,26.1510040160643,17
1986,19.8441767068273,16
1986,18.6522088353414,18
1986,20.1991967871486,18
1986,18.9012048192771,20
1986,19.2787148594377,22
1986,21.914859437751,28
1986,23.2787148594378,23
1986,21.4602409638554,23
1986,16.8144578313253,19
1986,22.9943775100402,31
1986,14.1060240963855,11
1986,20.9734939759036,17
1986,20.1718875502008,18
1986,18.9317269076305,14
1986,23.429718875502,27
1986,16.5927710843374,15
1986,21.0072289156627,22
1986,19.3253012048193,22
1986,25.395983935743,37
1986,14.3534136546185,17
1986,19.0441767068273,22
1986,22.7614457831325,21
1986,19.8907630522088,22
1986,18.3341365461847,25
1986,16.7839357429719,14
1986,15.3751004016064,18
1986,17.2112449799197,23
1986,21.1341365461847,22
1986,19.8313253012048,17
1986,14.9879518072289,14
1986,16.5847389558233,10
